/home/qsdeng/workdir/projects/gpu_l20_2/models/build_clip/clip.py:23: UserWarning: PyTorch version 1.7.1 or higher is recommended
  warnings.warn("PyTorch version 1.7.1 or higher is recommended")
make dir ./log/saved_llcm_cssp/llcm3231/log/ successful!
make dir ./log/saved_llcm_cssp/llcm3231/models/ successful!
Namespace(dataset='llcm', arch='cssp', mode='train', data_path='/home/share/qsdeng/datasets/', save_path='./log/saved_llcm_cssp/llcm3231', lr=0.0003, weight_decay=0.0005, conf_filter_thresh=0.3, diffusion_weight=0.25, sigma=0.8, cross_weight=1.0, weak_weight=0.25, tri_weight=1, diffusion_timesteps=12, milestones=[30, 70], relabel=1, img_h=288, img_w=144, seed=1, num_workers=8, batch_pidnum=8, pid_numsample=4, test_batch=128, temperature=3, device=0, stage1_epoch=80, stage2_epoch=150, resume=0, debug='wsl', trial=1, search_mode='all', gall_mode='single', test_mode='t2v', model_path='default', dynamic_decay_patience=3, gradual_decay_rate=0.9, num_classes=713)
building llcm dataset ...
loading llcm dataset ...
valid model file not existed!
from 0 epoch training
Time: 2026-03-23 12:37:54 | start phase1 from epoch 0
Extracting rgb features...
Extracted rgb features shape: torch.Size([16946, 2048])
Extracting ir features...
Extracted ir features shape: torch.Size([13975, 2048])
get match labels (quantity priority)
Epoch 0 (quantity priority) - Common: 0, Specific: 55, Remain: 5
NaN batch count: 0
Time: 2026-03-23 13:17:27 | phase 1 epoch 1; Setting: ./log/saved_llcm_cssp/llcm3231
e_lr: 2.9999999999999997e-06
r2r_id_loss: 6.5212293;  i2i_id_loss: 6.5296826;  
r2r_tri_loss: 0.5723633;  i2i_tri_loss: 0.5674006;  

R1:0.0113;   R10:0.0924;  R20:0.1693;  mAP:0.0378;  mINP:0.0320
                       Best_R1: 0.0113;    Best mAP: 0.0378
=================================================
Extracting rgb features...
Extracted rgb features shape: torch.Size([16946, 2048])
Extracting ir features...
Extracted ir features shape: torch.Size([13975, 2048])
get match labels (quantity priority)
Epoch 1 (quantity priority) - Common: 0, Specific: 151, Remain: 188
NaN batch count: 0
Time: 2026-03-23 13:56:43 | phase 1 epoch 2; Setting: ./log/saved_llcm_cssp/llcm3231
e_lr: 3.27e-05
r2r_id_loss: 5.424492;  i2i_id_loss: 5.551235;  
r2r_tri_loss: 0.28541026;  i2i_tri_loss: 0.31552267;  

R1:0.0766;   R10:0.2842;  R20:0.4025;  mAP:0.1238;  mINP:0.1045
                       Best_R1: 0.0766;    Best mAP: 0.1238
=================================================
Extracting rgb features...
Extracted rgb features shape: torch.Size([16946, 2048])
Extracting ir features...
Extracted ir features shape: torch.Size([13975, 2048])
get match labels (quantity priority)
Epoch 2 (quantity priority) - Common: 9, Specific: 145, Remain: 205
NaN batch count: 0
Time: 2026-03-23 14:22:57 | phase 1 epoch 3; Setting: ./log/saved_llcm_cssp/llcm3231
e_lr: 6.24e-05
r2r_id_loss: 3.3691037;  i2i_id_loss: 3.631463;  
r2r_tri_loss: 0.1534381;  i2i_tri_loss: 0.18623826;  

R1:0.1539;   R10:0.4410;  R20:0.5606;  mAP:0.2184;  mINP:0.1936
                       Best_R1: 0.1539;    Best mAP: 0.2184
=================================================
Extracting rgb features...
Extracted rgb features shape: torch.Size([16946, 2048])
Extracting ir features...
Extracted ir features shape: torch.Size([13975, 2048])
get match labels (quantity priority)
Epoch 3 (quantity priority) - Common: 82, Specific: 104, Remain: 367
NaN batch count: 0
Time: 2026-03-23 14:43:35 | phase 1 epoch 4; Setting: ./log/saved_llcm_cssp/llcm3231
e_lr: 9.209999999999999e-05
r2r_id_loss: 1.7753052;  i2i_id_loss: 2.036416;  
r2r_tri_loss: 0.10725864;  i2i_tri_loss: 0.13664846;  

R1:0.1811;   R10:0.4641;  R20:0.5750;  mAP:0.2424;  mINP:0.2163
                       Best_R1: 0.1811;    Best mAP: 0.2424
=================================================
Extracting rgb features...
Extracted rgb features shape: torch.Size([16946, 2048])
Extracting ir features...
Extracted ir features shape: torch.Size([13975, 2048])
get match labels (quantity priority)
Epoch 4 (quantity priority) - Common: 151, Specific: 66, Remain: 433
NaN batch count: 0
Time: 2026-03-23 15:23:00 | phase 1 epoch 5; Setting: ./log/saved_llcm_cssp/llcm3231
e_lr: 0.00012179999999999999
r2r_id_loss: 0.94733524;  i2i_id_loss: 1.1445055;  
r2r_tri_loss: 0.08806392;  i2i_tri_loss: 0.108463995;  

R1:0.2359;   R10:0.5430;  R20:0.6517;  mAP:0.3031;  mINP:0.2738
                       Best_R1: 0.2359;    Best mAP: 0.3031
=================================================
Extracting rgb features...
Extracted rgb features shape: torch.Size([16946, 2048])
Extracting ir features...
Extracted ir features shape: torch.Size([13975, 2048])
get match labels (quantity priority)
Epoch 5 (quantity priority) - Common: 218, Specific: 37, Remain: 395
NaN batch count: 0
Time: 2026-03-23 16:01:45 | phase 1 epoch 6; Setting: ./log/saved_llcm_cssp/llcm3231
e_lr: 0.0001515
r2r_id_loss: 0.63319916;  i2i_id_loss: 0.76834565;  
r2r_tri_loss: 0.08260945;  i2i_tri_loss: 0.09654778;  

R1:0.2331;   R10:0.5297;  R20:0.6359;  mAP:0.2987;  mINP:0.2697
                       Best_R1: 0.2359;    Best mAP: 0.3031
=================================================
Extracting rgb features...
Extracted rgb features shape: torch.Size([16946, 2048])
Extracting ir features...
Extracted ir features shape: torch.Size([13975, 2048])
get match labels (quantity priority)
Epoch 6 (quantity priority) - Common: 219, Specific: 49, Remain: 392
NaN batch count: 0
Time: 2026-03-23 16:29:30 | phase 1 epoch 7; Setting: ./log/saved_llcm_cssp/llcm3231
e_lr: 0.00018119999999999999
r2r_id_loss: 0.4987296;  i2i_id_loss: 0.6265078;  
r2r_tri_loss: 0.07662801;  i2i_tri_loss: 0.09818732;  

R1:0.2573;   R10:0.5553;  R20:0.6593;  mAP:0.3221;  mINP:0.2908
                       Best_R1: 0.2573;    Best mAP: 0.3221
=================================================
Extracting rgb features...
Extracted rgb features shape: torch.Size([16946, 2048])
Extracting ir features...
Extracted ir features shape: torch.Size([13975, 2048])
get match labels (quantity priority)
Epoch 7 (quantity priority) - Common: 254, Specific: 49, Remain: 375
NaN batch count: 0
Time: 2026-03-23 17:06:34 | phase 1 epoch 8; Setting: ./log/saved_llcm_cssp/llcm3231
e_lr: 0.00021089999999999998
r2r_id_loss: 0.43362817;  i2i_id_loss: 0.5744023;  
r2r_tri_loss: 0.08183704;  i2i_tri_loss: 0.104730144;  

R1:0.2481;   R10:0.5487;  R20:0.6521;  mAP:0.3123;  mINP:0.2809
                       Best_R1: 0.2573;    Best mAP: 0.3221
=================================================
Extracting rgb features...
Extracted rgb features shape: torch.Size([16946, 2048])
Extracting ir features...
Extracted ir features shape: torch.Size([13975, 2048])
get match labels (quantity priority)
Epoch 8 (quantity priority) - Common: 269, Specific: 38, Remain: 371
NaN batch count: 0
Time: 2026-03-23 17:44:21 | phase 1 epoch 9; Setting: ./log/saved_llcm_cssp/llcm3231
e_lr: 0.0002406
r2r_id_loss: 0.41352132;  i2i_id_loss: 0.5290241;  
r2r_tri_loss: 0.08534634;  i2i_tri_loss: 0.10496997;  

R1:0.2636;   R10:0.5618;  R20:0.6643;  mAP:0.3260;  mINP:0.2938
                       Best_R1: 0.2636;    Best mAP: 0.3260
=================================================
Extracting rgb features...
Extracted rgb features shape: torch.Size([16946, 2048])
Extracting ir features...
Extracted ir features shape: torch.Size([13975, 2048])
get match labels (quantity priority)
Epoch 9 (quantity priority) - Common: 278, Specific: 42, Remain: 349
NaN batch count: 0
Time: 2026-03-23 18:16:57 | phase 1 epoch 10; Setting: ./log/saved_llcm_cssp/llcm3231
e_lr: 0.00027029999999999996
r2r_id_loss: 0.37497428;  i2i_id_loss: 0.4911809;  
r2r_tri_loss: 0.08671624;  i2i_tri_loss: 0.10983533;  

R1:0.2610;   R10:0.5484;  R20:0.6463;  mAP:0.3235;  mINP:0.2931
                       Best_R1: 0.2636;    Best mAP: 0.3260
=================================================
Extracting rgb features...
Extracted rgb features shape: torch.Size([16946, 2048])
Extracting ir features...
Extracted ir features shape: torch.Size([13975, 2048])
get match labels (quantity priority)
Epoch 10 (quantity priority) - Common: 255, Specific: 45, Remain: 370
NaN batch count: 0
Time: 2026-03-23 18:36:00 | phase 1 epoch 11; Setting: ./log/saved_llcm_cssp/llcm3231
e_lr: 0.0003
r2r_id_loss: 0.37657744;  i2i_id_loss: 0.5104649;  
r2r_tri_loss: 0.09301293;  i2i_tri_loss: 0.11436901;  

R1:0.2552;   R10:0.5441;  R20:0.6409;  mAP:0.3184;  mINP:0.2897
                       Best_R1: 0.2636;    Best mAP: 0.3260
=================================================
Extracting rgb features...
Extracted rgb features shape: torch.Size([16946, 2048])
Extracting ir features...
Extracted ir features shape: torch.Size([13975, 2048])
get match labels (quantity priority)
Epoch 11 (quantity priority) - Common: 259, Specific: 39, Remain: 375
NaN batch count: 0
Time: 2026-03-23 19:01:05 | phase 1 epoch 12; Setting: ./log/saved_llcm_cssp/llcm3231
e_lr: 0.0003
r2r_id_loss: 0.3271571;  i2i_id_loss: 0.4195393;  
r2r_tri_loss: 0.08991981;  i2i_tri_loss: 0.10896949;  

R1:0.2797;   R10:0.5596;  R20:0.6564;  mAP:0.3365;  mINP:0.3032
                       Best_R1: 0.2797;    Best mAP: 0.3365
=================================================
Extracting rgb features...
Extracted rgb features shape: torch.Size([16946, 2048])
Extracting ir features...
Extracted ir features shape: torch.Size([13975, 2048])
get match labels (quantity priority)
Epoch 12 (quantity priority) - Common: 289, Specific: 47, Remain: 333
NaN batch count: 0
Time: 2026-03-23 19:38:42 | phase 1 epoch 13; Setting: ./log/saved_llcm_cssp/llcm3231
e_lr: 0.0003
r2r_id_loss: 0.27264094;  i2i_id_loss: 0.3590541;  
r2r_tri_loss: 0.08468989;  i2i_tri_loss: 0.105617374;  

R1:0.2677;   R10:0.5545;  R20:0.6528;  mAP:0.3270;  mINP:0.2936
                       Best_R1: 0.2797;    Best mAP: 0.3365
=================================================
Extracting rgb features...
Extracted rgb features shape: torch.Size([16946, 2048])
Extracting ir features...
Extracted ir features shape: torch.Size([13975, 2048])
get match labels (quantity priority)
Epoch 13 (quantity priority) - Common: 296, Specific: 27, Remain: 355
NaN batch count: 0
Time: 2026-03-23 19:58:41 | phase 1 epoch 14; Setting: ./log/saved_llcm_cssp/llcm3231
e_lr: 0.0003
r2r_id_loss: 0.26463467;  i2i_id_loss: 0.34195012;  
r2r_tri_loss: 0.08647305;  i2i_tri_loss: 0.10501651;  

R1:0.2776;   R10:0.5631;  R20:0.6569;  mAP:0.3352;  mINP:0.3005
                       Best_R1: 0.2797;    Best mAP: 0.3365
=================================================
Extracting rgb features...
Extracted rgb features shape: torch.Size([16946, 2048])
Extracting ir features...
Extracted ir features shape: torch.Size([13975, 2048])
get match labels (quantity priority)
Epoch 14 (quantity priority) - Common: 302, Specific: 28, Remain: 349
NaN batch count: 0
Time: 2026-03-23 20:17:44 | phase 1 epoch 15; Setting: ./log/saved_llcm_cssp/llcm3231
e_lr: 0.0003
r2r_id_loss: 0.24453482;  i2i_id_loss: 0.32355562;  
r2r_tri_loss: 0.08477839;  i2i_tri_loss: 0.10694759;  

R1:0.2742;   R10:0.5512;  R20:0.6490;  mAP:0.3289;  mINP:0.2938
                       Best_R1: 0.2797;    Best mAP: 0.3365
=================================================
Extracting rgb features...
Extracted rgb features shape: torch.Size([16946, 2048])
Extracting ir features...
Extracted ir features shape: torch.Size([13975, 2048])
get match labels (quantity priority)
Epoch 15 (quantity priority) - Common: 307, Specific: 23, Remain: 350
NaN batch count: 0
Time: 2026-03-23 20:51:48 | phase 1 epoch 16; Setting: ./log/saved_llcm_cssp/llcm3231
e_lr: 0.0003
r2r_id_loss: 0.2405407;  i2i_id_loss: 0.31368577;  
r2r_tri_loss: 0.08468669;  i2i_tri_loss: 0.10292705;  

R1:0.2786;   R10:0.5659;  R20:0.6637;  mAP:0.3363;  mINP:0.3023
                       Best_R1: 0.2797;    Best mAP: 0.3365
=================================================
Extracting rgb features...
Extracted rgb features shape: torch.Size([16946, 2048])
Extracting ir features...
Extracted ir features shape: torch.Size([13975, 2048])
get match labels (quantity priority)
Epoch 16 (quantity priority) - Common: 305, Specific: 33, Remain: 330
NaN batch count: 0
Time: 2026-03-23 21:22:01 | phase 1 epoch 17; Setting: ./log/saved_llcm_cssp/llcm3231
e_lr: 0.0003
r2r_id_loss: 0.21895134;  i2i_id_loss: 0.2763851;  
r2r_tri_loss: 0.08149827;  i2i_tri_loss: 0.09940184;  

R1:0.2888;   R10:0.5720;  R20:0.6645;  mAP:0.3495;  mINP:0.3177
                       Best_R1: 0.2888;    Best mAP: 0.3495
=================================================
Extracting rgb features...
Extracted rgb features shape: torch.Size([16946, 2048])
Extracting ir features...
Extracted ir features shape: torch.Size([13975, 2048])
get match labels (quantity priority)
Epoch 17 (quantity priority) - Common: 324, Specific: 19, Remain: 331
NaN batch count: 0
Time: 2026-03-23 21:43:35 | phase 1 epoch 18; Setting: ./log/saved_llcm_cssp/llcm3231
e_lr: 0.0003
r2r_id_loss: 0.21617204;  i2i_id_loss: 0.27826405;  
r2r_tri_loss: 0.080821685;  i2i_tri_loss: 0.10144682;  

R1:0.2993;   R10:0.5809;  R20:0.6756;  mAP:0.3580;  mINP:0.3254
                       Best_R1: 0.2993;    Best mAP: 0.3580
=================================================
Extracting rgb features...
Extracted rgb features shape: torch.Size([16946, 2048])
Extracting ir features...
Extracted ir features shape: torch.Size([13975, 2048])
get match labels (quantity priority)
Epoch 18 (quantity priority) - Common: 320, Specific: 23, Remain: 328
NaN batch count: 0
Time: 2026-03-23 22:02:30 | phase 1 epoch 19; Setting: ./log/saved_llcm_cssp/llcm3231
e_lr: 0.0003
r2r_id_loss: 0.20583113;  i2i_id_loss: 0.25992978;  
r2r_tri_loss: 0.07907639;  i2i_tri_loss: 0.097325645;  

R1:0.2890;   R10:0.5676;  R20:0.6593;  mAP:0.3453;  mINP:0.3100
                       Best_R1: 0.2993;    Best mAP: 0.3580
=================================================
Extracting rgb features...
Extracted rgb features shape: torch.Size([16946, 2048])
Extracting ir features...
Extracted ir features shape: torch.Size([13975, 2048])
get match labels (quantity priority)
Epoch 19 (quantity priority) - Common: 324, Specific: 28, Remain: 328
NaN batch count: 0
Time: 2026-03-23 22:21:18 | phase 1 epoch 20; Setting: ./log/saved_llcm_cssp/llcm3231
e_lr: 0.0003
r2r_id_loss: 0.19900288;  i2i_id_loss: 0.23908858;  
r2r_tri_loss: 0.07731841;  i2i_tri_loss: 0.092385314;  

R1:0.2832;   R10:0.5665;  R20:0.6591;  mAP:0.3408;  mINP:0.3067
                       Best_R1: 0.2993;    Best mAP: 0.3580
=================================================
Extracting rgb features...
Extracted rgb features shape: torch.Size([16946, 2048])
Extracting ir features...
Extracted ir features shape: torch.Size([13975, 2048])
get match labels (quantity priority)
Epoch 20 (quantity priority) - Common: 318, Specific: 31, Remain: 328
NaN batch count: 0
Time: 2026-03-23 22:40:02 | phase 1 epoch 21; Setting: ./log/saved_llcm_cssp/llcm3231
e_lr: 0.0003
r2r_id_loss: 0.191687;  i2i_id_loss: 0.24113037;  
r2r_tri_loss: 0.07545061;  i2i_tri_loss: 0.09426919;  

R1:0.2886;   R10:0.5700;  R20:0.6599;  mAP:0.3478;  mINP:0.3155
                       Best_R1: 0.2993;    Best mAP: 0.3580
=================================================
Extracting rgb features...
Extracted rgb features shape: torch.Size([16946, 2048])
Extracting ir features...
Extracted ir features shape: torch.Size([13975, 2048])
get match labels (quantity priority)
Epoch 21 (quantity priority) - Common: 318, Specific: 33, Remain: 331
NaN batch count: 0
Time: 2026-03-23 22:58:40 | phase 1 epoch 22; Setting: ./log/saved_llcm_cssp/llcm3231
e_lr: 0.0003
r2r_id_loss: 0.17670797;  i2i_id_loss: 0.23319219;  
r2r_tri_loss: 0.07160627;  i2i_tri_loss: 0.090244085;  

R1:0.3027;   R10:0.5880;  R20:0.6796;  mAP:0.3625;  mINP:0.3289
                       Best_R1: 0.3027;    Best mAP: 0.3625
=================================================
Extracting rgb features...
Extracted rgb features shape: torch.Size([16946, 2048])
Extracting ir features...
Extracted ir features shape: torch.Size([13975, 2048])
get match labels (quantity priority)
Epoch 22 (quantity priority) - Common: 327, Specific: 26, Remain: 323
NaN batch count: 0
Time: 2026-03-23 23:22:39 | phase 1 epoch 23; Setting: ./log/saved_llcm_cssp/llcm3231
e_lr: 0.0003
r2r_id_loss: 0.18618669;  i2i_id_loss: 0.20914015;  
r2r_tri_loss: 0.071629934;  i2i_tri_loss: 0.08871629;  

R1:0.2878;   R10:0.5699;  R20:0.6656;  mAP:0.3456;  mINP:0.3104
                       Best_R1: 0.3027;    Best mAP: 0.3625
=================================================
Extracting rgb features...
Extracted rgb features shape: torch.Size([16946, 2048])
Extracting ir features...
Extracted ir features shape: torch.Size([13975, 2048])
get match labels (quantity priority)
Epoch 23 (quantity priority) - Common: 330, Specific: 23, Remain: 323
NaN batch count: 0
Time: 2026-03-23 23:58:58 | phase 1 epoch 24; Setting: ./log/saved_llcm_cssp/llcm3231
e_lr: 0.0003
r2r_id_loss: 0.16918127;  i2i_id_loss: 0.20939791;  
r2r_tri_loss: 0.073191;  i2i_tri_loss: 0.0865603;  

R1:0.3079;   R10:0.5914;  R20:0.6823;  mAP:0.3669;  mINP:0.3335
                       Best_R1: 0.3079;    Best mAP: 0.3669
=================================================
Extracting rgb features...
Extracted rgb features shape: torch.Size([16946, 2048])
Extracting ir features...
Extracted ir features shape: torch.Size([13975, 2048])
get match labels (quantity priority)
Epoch 24 (quantity priority) - Common: 337, Specific: 36, Remain: 311
NaN batch count: 0
Time: 2026-03-24 00:19:39 | phase 1 epoch 25; Setting: ./log/saved_llcm_cssp/llcm3231
e_lr: 0.0003
r2r_id_loss: 0.15978658;  i2i_id_loss: 0.20702763;  
r2r_tri_loss: 0.067692004;  i2i_tri_loss: 0.08675775;  

R1:0.2959;   R10:0.5921;  R20:0.6899;  mAP:0.3560;  mINP:0.3210
                       Best_R1: 0.3079;    Best mAP: 0.3669
=================================================
Extracting rgb features...
Extracted rgb features shape: torch.Size([16946, 2048])
Extracting ir features...
Extracted ir features shape: torch.Size([13975, 2048])
get match labels (quantity priority)
Epoch 25 (quantity priority) - Common: 349, Specific: 29, Remain: 307
NaN batch count: 0
Time: 2026-03-24 00:37:52 | phase 1 epoch 26; Setting: ./log/saved_llcm_cssp/llcm3231
e_lr: 0.0003
r2r_id_loss: 0.15390135;  i2i_id_loss: 0.18267515;  
r2r_tri_loss: 0.0644546;  i2i_tri_loss: 0.08342416;  

R1:0.3105;   R10:0.5989;  R20:0.6906;  mAP:0.3710;  mINP:0.3378
                       Best_R1: 0.3105;    Best mAP: 0.3710
=================================================
Extracting rgb features...
Extracted rgb features shape: torch.Size([16946, 2048])
Extracting ir features...
Extracted ir features shape: torch.Size([13975, 2048])
get match labels (quantity priority)
Epoch 26 (quantity priority) - Common: 347, Specific: 30, Remain: 307
NaN batch count: 0
Time: 2026-03-24 00:56:00 | phase 1 epoch 27; Setting: ./log/saved_llcm_cssp/llcm3231
e_lr: 0.0003
r2r_id_loss: 0.16345106;  i2i_id_loss: 0.1961201;  
r2r_tri_loss: 0.0654773;  i2i_tri_loss: 0.084251784;  

R1:0.3018;   R10:0.5854;  R20:0.6781;  mAP:0.3606;  mINP:0.3270
                       Best_R1: 0.3105;    Best mAP: 0.3710
=================================================
Extracting rgb features...
Extracted rgb features shape: torch.Size([16946, 2048])
Extracting ir features...
Extracted ir features shape: torch.Size([13975, 2048])
get match labels (quantity priority)
Epoch 27 (quantity priority) - Common: 355, Specific: 27, Remain: 295
NaN batch count: 0
Time: 2026-03-24 01:14:05 | phase 1 epoch 28; Setting: ./log/saved_llcm_cssp/llcm3231
e_lr: 0.0003
r2r_id_loss: 0.15868634;  i2i_id_loss: 0.1847494;  
r2r_tri_loss: 0.06403849;  i2i_tri_loss: 0.08034652;  

R1:0.3106;   R10:0.5877;  R20:0.6786;  mAP:0.3664;  mINP:0.3315
                       Best_R1: 0.3106;    Best mAP: 0.3710
=================================================
Extracting rgb features...
Extracted rgb features shape: torch.Size([16946, 2048])
Extracting ir features...
Extracted ir features shape: torch.Size([13975, 2048])
get match labels (quantity priority)
Epoch 28 (quantity priority) - Common: 343, Specific: 30, Remain: 306
NaN batch count: 0
Time: 2026-03-24 01:32:08 | phase 1 epoch 29; Setting: ./log/saved_llcm_cssp/llcm3231
e_lr: 0.0003
r2r_id_loss: 0.14649008;  i2i_id_loss: 0.17096636;  
r2r_tri_loss: 0.06178353;  i2i_tri_loss: 0.07668573;  

R1:0.3102;   R10:0.5916;  R20:0.6816;  mAP:0.3672;  mINP:0.3334
                       Best_R1: 0.3106;    Best mAP: 0.3710
=================================================
Extracting rgb features...
Extracted rgb features shape: torch.Size([16946, 2048])
Extracting ir features...
Extracted ir features shape: torch.Size([13975, 2048])
get match labels (quantity priority)
Epoch 29 (quantity priority) - Common: 353, Specific: 22, Remain: 308
NaN batch count: 0
Time: 2026-03-24 01:50:08 | phase 1 epoch 30; Setting: ./log/saved_llcm_cssp/llcm3231
e_lr: 0.0003
r2r_id_loss: 0.14090629;  i2i_id_loss: 0.17089416;  
r2r_tri_loss: 0.060102623;  i2i_tri_loss: 0.076242834;  

R1:0.3161;   R10:0.5989;  R20:0.6875;  mAP:0.3746;  mINP:0.3401
                       Best_R1: 0.3161;    Best mAP: 0.3746
=================================================
Extracting rgb features with denoising...
Extracted rgb features shape: torch.Size([16946, 2048])
Extracting ir features with denoising...
Extracted ir features shape: torch.Size([13975, 2048])
get match labels (quantity priority)
Epoch 30 (quantity priority) - Common: 344, Specific: 24, Remain: 296
NaN batch count: 0
Time: 2026-03-24 02:08:07 | phase 1 epoch 31; Setting: ./log/saved_llcm_cssp/llcm3231
e_lr: 2.9999999999999997e-05
r2r_id_loss: 0.07859423;  i2i_id_loss: 0.10506398;  
r2r_tri_loss: 0.048262626;  i2i_tri_loss: 0.061001986;  

R1:0.3443;   R10:0.6265;  R20:0.7123;  mAP:0.4015;  mINP:0.3660
                       Best_R1: 0.3443;    Best mAP: 0.4015
=================================================
Extracting rgb features with denoising...
Extracted rgb features shape: torch.Size([16946, 2048])
Extracting ir features with denoising...
Extracted ir features shape: torch.Size([13975, 2048])
get match labels (quantity priority)
Epoch 31 (quantity priority) - Common: 389, Specific: 17, Remain: 269
NaN batch count: 0
Time: 2026-03-24 02:26:06 | phase 1 epoch 32; Setting: ./log/saved_llcm_cssp/llcm3231
e_lr: 2.9999999999999997e-05
r2r_id_loss: 0.048997793;  i2i_id_loss: 0.05749161;  
r2r_tri_loss: 0.042283107;  i2i_tri_loss: 0.051476568;  

R1:0.3489;   R10:0.6294;  R20:0.7139;  mAP:0.4058;  mINP:0.3704
                       Best_R1: 0.3489;    Best mAP: 0.4058
=================================================
Extracting rgb features with denoising...
Extracted rgb features shape: torch.Size([16946, 2048])
Extracting ir features with denoising...
Extracted ir features shape: torch.Size([13975, 2048])
get match labels (quantity priority)
Epoch 32 (quantity priority) - Common: 398, Specific: 13, Remain: 264
NaN batch count: 0
Time: 2026-03-24 02:44:03 | phase 1 epoch 33; Setting: ./log/saved_llcm_cssp/llcm3231
e_lr: 2.9999999999999997e-05
r2r_id_loss: 0.044093654;  i2i_id_loss: 0.05058595;  
r2r_tri_loss: 0.038029063;  i2i_tri_loss: 0.04746646;  

R1:0.3539;   R10:0.6348;  R20:0.7172;  mAP:0.4109;  mINP:0.3754
                       Best_R1: 0.3539;    Best mAP: 0.4109
=================================================
Extracting rgb features with denoising...
Extracted rgb features shape: torch.Size([16946, 2048])
Extracting ir features with denoising...
Extracted ir features shape: torch.Size([13975, 2048])
get match labels (quantity priority)
Epoch 33 (quantity priority) - Common: 401, Specific: 12, Remain: 262
NaN batch count: 0
Time: 2026-03-24 03:01:59 | phase 1 epoch 34; Setting: ./log/saved_llcm_cssp/llcm3231
e_lr: 2.9999999999999997e-05
r2r_id_loss: 0.040794797;  i2i_id_loss: 0.04304547;  
r2r_tri_loss: 0.037164804;  i2i_tri_loss: 0.04376151;  

R1:0.3577;   R10:0.6379;  R20:0.7223;  mAP:0.4153;  mINP:0.3799
                       Best_R1: 0.3577;    Best mAP: 0.4153
=================================================
Extracting rgb features with denoising...
Extracted rgb features shape: torch.Size([16946, 2048])
Extracting ir features with denoising...
Extracted ir features shape: torch.Size([13975, 2048])
get match labels (quantity priority)
Epoch 34 (quantity priority) - Common: 412, Specific: 15, Remain: 247
NaN batch count: 0
Time: 2026-03-24 03:19:55 | phase 1 epoch 35; Setting: ./log/saved_llcm_cssp/llcm3231
e_lr: 2.9999999999999997e-05
r2r_id_loss: 0.038297772;  i2i_id_loss: 0.041309554;  
r2r_tri_loss: 0.034609273;  i2i_tri_loss: 0.04052162;  

R1:0.3631;   R10:0.6412;  R20:0.7244;  mAP:0.4192;  mINP:0.3831
                       Best_R1: 0.3631;    Best mAP: 0.4192
=================================================
Extracting rgb features with denoising...
Extracted rgb features shape: torch.Size([16946, 2048])
Extracting ir features with denoising...
Extracted ir features shape: torch.Size([13975, 2048])
get match labels (quantity priority)
Epoch 35 (quantity priority) - Common: 436, Specific: 18, Remain: 217
NaN batch count: 0
Time: 2026-03-24 03:37:50 | phase 1 epoch 36; Setting: ./log/saved_llcm_cssp/llcm3231
e_lr: 2.9999999999999997e-05
r2r_id_loss: 0.039084136;  i2i_id_loss: 0.04252295;  
r2r_tri_loss: 0.03350375;  i2i_tri_loss: 0.04120946;  

R1:0.3624;   R10:0.6482;  R20:0.7304;  mAP:0.4206;  mINP:0.3848
                       Best_R1: 0.3631;    Best mAP: 0.4206
=================================================
Extracting rgb features with denoising...
Extracted rgb features shape: torch.Size([16946, 2048])
Extracting ir features with denoising...
Extracted ir features shape: torch.Size([13975, 2048])
get match labels (quantity priority)
Epoch 36 (quantity priority) - Common: 416, Specific: 13, Remain: 248
NaN batch count: 0
Time: 2026-03-24 03:55:46 | phase 1 epoch 37; Setting: ./log/saved_llcm_cssp/llcm3231
e_lr: 2.9999999999999997e-05
r2r_id_loss: 0.03957917;  i2i_id_loss: 0.038448803;  
r2r_tri_loss: 0.031520143;  i2i_tri_loss: 0.038712736;  

R1:0.3652;   R10:0.6457;  R20:0.7282;  mAP:0.4231;  mINP:0.3882
                       Best_R1: 0.3652;    Best mAP: 0.4231
=================================================
Extracting rgb features with denoising...
Extracted rgb features shape: torch.Size([16946, 2048])
Extracting ir features with denoising...
Extracted ir features shape: torch.Size([13975, 2048])
get match labels (quantity priority)
Epoch 37 (quantity priority) - Common: 428, Specific: 17, Remain: 226
NaN batch count: 0
Time: 2026-03-24 04:13:41 | phase 1 epoch 38; Setting: ./log/saved_llcm_cssp/llcm3231
e_lr: 2.9999999999999997e-05
r2r_id_loss: 0.042109523;  i2i_id_loss: 0.04426647;  
r2r_tri_loss: 0.031563148;  i2i_tri_loss: 0.038529515;  

R1:0.3656;   R10:0.6461;  R20:0.7289;  mAP:0.4240;  mINP:0.3889
                       Best_R1: 0.3656;    Best mAP: 0.4240
=================================================
Extracting rgb features with denoising...
Extracted rgb features shape: torch.Size([16946, 2048])
Extracting ir features with denoising...
Extracted ir features shape: torch.Size([13975, 2048])
get match labels (quantity priority)
Epoch 38 (quantity priority) - Common: 417, Specific: 15, Remain: 235
NaN batch count: 0
Time: 2026-03-24 04:31:36 | phase 1 epoch 39; Setting: ./log/saved_llcm_cssp/llcm3231
e_lr: 2.9999999999999997e-05
r2r_id_loss: 0.045466214;  i2i_id_loss: 0.04335386;  
r2r_tri_loss: 0.030068865;  i2i_tri_loss: 0.036110166;  

R1:0.3680;   R10:0.6506;  R20:0.7319;  mAP:0.4266;  mINP:0.3920
                       Best_R1: 0.3680;    Best mAP: 0.4266
=================================================
Extracting rgb features with denoising...
Extracted rgb features shape: torch.Size([16946, 2048])
Extracting ir features with denoising...
Extracted ir features shape: torch.Size([13975, 2048])
get match labels (quantity priority)
Epoch 39 (quantity priority) - Common: 435, Specific: 11, Remain: 221
NaN batch count: 0
Time: 2026-03-24 04:49:31 | phase 1 epoch 40; Setting: ./log/saved_llcm_cssp/llcm3231
e_lr: 2.9999999999999997e-05
r2r_id_loss: 0.045651827;  i2i_id_loss: 0.045825586;  
r2r_tri_loss: 0.029646821;  i2i_tri_loss: 0.03393621;  

R1:0.3700;   R10:0.6508;  R20:0.7334;  mAP:0.4286;  mINP:0.3936
                       Best_R1: 0.3700;    Best mAP: 0.4286
=================================================
Extracting rgb features with denoising...
Extracted rgb features shape: torch.Size([16946, 2048])
Extracting ir features with denoising...
Extracted ir features shape: torch.Size([13975, 2048])
get match labels (quantity priority)
Epoch 40 (quantity priority) - Common: 437, Specific: 23, Remain: 214
NaN batch count: 0
Time: 2026-03-24 05:07:26 | phase 1 epoch 41; Setting: ./log/saved_llcm_cssp/llcm3231
e_lr: 2.9999999999999997e-05
r2r_id_loss: 0.045913957;  i2i_id_loss: 0.04693757;  
r2r_tri_loss: 0.028055057;  i2i_tri_loss: 0.033880133;  

R1:0.3682;   R10:0.6591;  R20:0.7418;  mAP:0.4300;  mINP:0.3958
                       Best_R1: 0.3700;    Best mAP: 0.4300
=================================================
Extracting rgb features with denoising...
Extracted rgb features shape: torch.Size([16946, 2048])
Extracting ir features with denoising...
Extracted ir features shape: torch.Size([13975, 2048])
get match labels (quantity priority)
Epoch 41 (quantity priority) - Common: 442, Specific: 17, Remain: 210
NaN batch count: 0
Time: 2026-03-24 05:25:21 | phase 1 epoch 42; Setting: ./log/saved_llcm_cssp/llcm3231
e_lr: 2.9999999999999997e-05
r2r_id_loss: 0.047644988;  i2i_id_loss: 0.046306454;  
r2r_tri_loss: 0.025881775;  i2i_tri_loss: 0.033639915;  

R1:0.3682;   R10:0.6538;  R20:0.7347;  mAP:0.4291;  mINP:0.3958
                       Best_R1: 0.3700;    Best mAP: 0.4300
=================================================
Extracting rgb features with denoising...
Extracted rgb features shape: torch.Size([16946, 2048])
Extracting ir features with denoising...
Extracted ir features shape: torch.Size([13975, 2048])
get match labels (quantity priority)
Epoch 42 (quantity priority) - Common: 450, Specific: 17, Remain: 205
NaN batch count: 0
Time: 2026-03-24 05:43:15 | phase 1 epoch 43; Setting: ./log/saved_llcm_cssp/llcm3231
e_lr: 2.9999999999999997e-05
r2r_id_loss: 0.04815898;  i2i_id_loss: 0.046943545;  
r2r_tri_loss: 0.026901264;  i2i_tri_loss: 0.030759757;  

R1:0.3788;   R10:0.6616;  R20:0.7417;  mAP:0.4383;  mINP:0.4041
                       Best_R1: 0.3788;    Best mAP: 0.4383
=================================================
Extracting rgb features with denoising...
Extracted rgb features shape: torch.Size([16946, 2048])
Extracting ir features with denoising...
Extracted ir features shape: torch.Size([13975, 2048])
get match labels (quantity priority)
Epoch 43 (quantity priority) - Common: 462, Specific: 11, Remain: 191
NaN batch count: 0
Time: 2026-03-24 06:01:10 | phase 1 epoch 44; Setting: ./log/saved_llcm_cssp/llcm3231
e_lr: 2.9999999999999997e-05
r2r_id_loss: 0.04853413;  i2i_id_loss: 0.04673154;  
r2r_tri_loss: 0.025909962;  i2i_tri_loss: 0.029620668;  

R1:0.3833;   R10:0.6654;  R20:0.7456;  mAP:0.4425;  mINP:0.4083
                       Best_R1: 0.3833;    Best mAP: 0.4425
=================================================
Extracting rgb features with denoising...
Extracted rgb features shape: torch.Size([16946, 2048])
Extracting ir features with denoising...
Extracted ir features shape: torch.Size([13975, 2048])
get match labels (quantity priority)
Epoch 44 (quantity priority) - Common: 467, Specific: 12, Remain: 185
NaN batch count: 0
Time: 2026-03-24 06:19:04 | phase 1 epoch 45; Setting: ./log/saved_llcm_cssp/llcm3231
e_lr: 2.9999999999999997e-05
r2r_id_loss: 0.046561655;  i2i_id_loss: 0.04829136;  
r2r_tri_loss: 0.025442425;  i2i_tri_loss: 0.027842754;  

R1:0.3789;   R10:0.6617;  R20:0.7443;  mAP:0.4392;  mINP:0.4059
                       Best_R1: 0.3833;    Best mAP: 0.4425
=================================================
Extracting rgb features with denoising...
Extracted rgb features shape: torch.Size([16946, 2048])
Extracting ir features with denoising...
Extracted ir features shape: torch.Size([13975, 2048])
get match labels (quantity priority)
Epoch 45 (quantity priority) - Common: 456, Specific: 19, Remain: 198
NaN batch count: 0
Time: 2026-03-24 06:37:01 | phase 1 epoch 46; Setting: ./log/saved_llcm_cssp/llcm3231
e_lr: 2.9999999999999997e-05
r2r_id_loss: 0.047694277;  i2i_id_loss: 0.04956377;  
r2r_tri_loss: 0.023847839;  i2i_tri_loss: 0.029663026;  

R1:0.3819;   R10:0.6628;  R20:0.7443;  mAP:0.4409;  mINP:0.4064
                       Best_R1: 0.3833;    Best mAP: 0.4425
=================================================
Extracting rgb features with denoising...
Extracted rgb features shape: torch.Size([16946, 2048])
Extracting ir features with denoising...
Extracted ir features shape: torch.Size([13975, 2048])
get match labels (quantity priority)
Epoch 46 (quantity priority) - Common: 453, Specific: 21, Remain: 199
NaN batch count: 0
Time: 2026-03-24 06:54:59 | phase 1 epoch 47; Setting: ./log/saved_llcm_cssp/llcm3231
e_lr: 2.9999999999999997e-05
r2r_id_loss: 0.045934204;  i2i_id_loss: 0.049237154;  
r2r_tri_loss: 0.021549586;  i2i_tri_loss: 0.028450487;  

R1:0.3872;   R10:0.6692;  R20:0.7493;  mAP:0.4478;  mINP:0.4144
                       Best_R1: 0.3872;    Best mAP: 0.4478
=================================================
Extracting rgb features with denoising...
Extracted rgb features shape: torch.Size([16946, 2048])
Extracting ir features with denoising...
Extracted ir features shape: torch.Size([13975, 2048])
get match labels (quantity priority)
Epoch 47 (quantity priority) - Common: 462, Specific: 24, Remain: 184
NaN batch count: 0
Time: 2026-03-24 07:12:56 | phase 1 epoch 48; Setting: ./log/saved_llcm_cssp/llcm3231
e_lr: 2.9999999999999997e-05
r2r_id_loss: 0.04744674;  i2i_id_loss: 0.04774553;  
r2r_tri_loss: 0.02271553;  i2i_tri_loss: 0.02687881;  

R1:0.3787;   R10:0.6643;  R20:0.7476;  mAP:0.4394;  mINP:0.4056
                       Best_R1: 0.3872;    Best mAP: 0.4478
=================================================
Extracting rgb features with denoising...
Extracted rgb features shape: torch.Size([16946, 2048])
Extracting ir features with denoising...
Extracted ir features shape: torch.Size([13975, 2048])
get match labels (quantity priority)
Epoch 48 (quantity priority) - Common: 461, Specific: 17, Remain: 189
NaN batch count: 0
Time: 2026-03-24 07:30:54 | phase 1 epoch 49; Setting: ./log/saved_llcm_cssp/llcm3231
e_lr: 2.9999999999999997e-05
r2r_id_loss: 0.04729372;  i2i_id_loss: 0.048516758;  
r2r_tri_loss: 0.02213156;  i2i_tri_loss: 0.025706202;  

R1:0.3780;   R10:0.6600;  R20:0.7416;  mAP:0.4388;  mINP:0.4058
                       Best_R1: 0.3872;    Best mAP: 0.4478
=================================================
Extracting rgb features with denoising...
Extracted rgb features shape: torch.Size([16946, 2048])
Extracting ir features with denoising...
Extracted ir features shape: torch.Size([13975, 2048])
get match labels (quantity priority)
Epoch 49 (quantity priority) - Common: 457, Specific: 19, Remain: 194
NaN batch count: 0
Time: 2026-03-24 07:49:29 | phase 1 epoch 50; Setting: ./log/saved_llcm_cssp/llcm3231
e_lr: 2.9999999999999997e-05
r2r_id_loss: 0.04608754;  i2i_id_loss: 0.046342514;  
r2r_tri_loss: 0.021505252;  i2i_tri_loss: 0.02340002;  

R1:0.3907;   R10:0.6763;  R20:0.7576;  mAP:0.4508;  mINP:0.4159
                       Best_R1: 0.3907;    Best mAP: 0.4508
=================================================
Extracting rgb features with denoising...
Extracted rgb features shape: torch.Size([16946, 2048])
Extracting ir features with denoising...
Extracted ir features shape: torch.Size([13975, 2048])
get match labels (quantity priority)
Epoch 50 (quantity priority) - Common: 479, Specific: 17, Remain: 178
NaN batch count: 0
Time: 2026-03-24 08:24:52 | phase 1 epoch 51; Setting: ./log/saved_llcm_cssp/llcm3231
e_lr: 2.9999999999999997e-05
r2r_id_loss: 0.046017457;  i2i_id_loss: 0.04992207;  
r2r_tri_loss: 0.020202503;  i2i_tri_loss: 0.024695087;  

R1:0.3875;   R10:0.6732;  R20:0.7554;  mAP:0.4483;  mINP:0.4138
                       Best_R1: 0.3907;    Best mAP: 0.4508
=================================================
Extracting rgb features with denoising...
Extracted rgb features shape: torch.Size([16946, 2048])
Extracting ir features with denoising...
Extracted ir features shape: torch.Size([13975, 2048])
get match labels (quantity priority)
Epoch 51 (quantity priority) - Common: 458, Specific: 18, Remain: 193
NaN batch count: 0
Time: 2026-03-24 08:50:30 | phase 1 epoch 52; Setting: ./log/saved_llcm_cssp/llcm3231
e_lr: 2.9999999999999997e-05
r2r_id_loss: 0.046258237;  i2i_id_loss: 0.048054412;  
r2r_tri_loss: 0.019552648;  i2i_tri_loss: 0.024822079;  

R1:0.3845;   R10:0.6726;  R20:0.7518;  mAP:0.4459;  mINP:0.4118
                       Best_R1: 0.3907;    Best mAP: 0.4508
=================================================
Extracting rgb features with denoising...
Extracted rgb features shape: torch.Size([16946, 2048])
Extracting ir features with denoising...
Extracted ir features shape: torch.Size([13975, 2048])
get match labels (quantity priority)
Epoch 52 (quantity priority) - Common: 457, Specific: 21, Remain: 200
NaN batch count: 0
Time: 2026-03-24 09:17:52 | phase 1 epoch 53; Setting: ./log/saved_llcm_cssp/llcm3231
e_lr: 2.9999999999999997e-05
r2r_id_loss: 0.04591918;  i2i_id_loss: 0.04615073;  
r2r_tri_loss: 0.01963275;  i2i_tri_loss: 0.022756172;  

R1:0.3843;   R10:0.6710;  R20:0.7554;  mAP:0.4460;  mINP:0.4122
                       Best_R1: 0.3907;    Best mAP: 0.4508
=================================================
Extracting rgb features with denoising...
Extracted rgb features shape: torch.Size([16946, 2048])
Extracting ir features with denoising...
Extracted ir features shape: torch.Size([13975, 2048])
get match labels (quantity priority)
Epoch 53 (quantity priority) - Common: 467, Specific: 15, Remain: 193
NaN batch count: 0
Time: 2026-03-24 09:52:55 | phase 1 epoch 54; Setting: ./log/saved_llcm_cssp/llcm3231
e_lr: 2.9999999999999997e-05
r2r_id_loss: 0.04423483;  i2i_id_loss: 0.04698116;  
r2r_tri_loss: 0.018562153;  i2i_tri_loss: 0.023197923;  

R1:0.3851;   R10:0.6712;  R20:0.7529;  mAP:0.4458;  mINP:0.4116
                       Best_R1: 0.3907;    Best mAP: 0.4508
=================================================
Extracting rgb features with denoising...
Extracted rgb features shape: torch.Size([16946, 2048])
Extracting ir features with denoising...
Extracted ir features shape: torch.Size([13975, 2048])
get match labels (quantity priority)
Epoch 54 (quantity priority) - Common: 466, Specific: 23, Remain: 187
NaN batch count: 0
Time: 2026-03-24 10:10:51 | phase 1 epoch 55; Setting: ./log/saved_llcm_cssp/llcm3231
e_lr: 2.9999999999999997e-05
r2r_id_loss: 0.046364527;  i2i_id_loss: 0.043240156;  
r2r_tri_loss: 0.020365553;  i2i_tri_loss: 0.020875728;  

R1:0.3906;   R10:0.6818;  R20:0.7652;  mAP:0.4530;  mINP:0.4188
                       Best_R1: 0.3907;    Best mAP: 0.4530
=================================================
Extracting rgb features with denoising...
Extracted rgb features shape: torch.Size([16946, 2048])
Extracting ir features with denoising...
Extracted ir features shape: torch.Size([13975, 2048])
get match labels (quantity priority)
Epoch 55 (quantity priority) - Common: 460, Specific: 19, Remain: 198
NaN batch count: 0
Time: 2026-03-24 10:28:48 | phase 1 epoch 56; Setting: ./log/saved_llcm_cssp/llcm3231
e_lr: 2.9999999999999997e-05
r2r_id_loss: 0.042754468;  i2i_id_loss: 0.04461001;  
r2r_tri_loss: 0.017458288;  i2i_tri_loss: 0.02064023;  

R1:0.3953;   R10:0.6778;  R20:0.7575;  mAP:0.4556;  mINP:0.4215
                       Best_R1: 0.3953;    Best mAP: 0.4556
=================================================
Extracting rgb features with denoising...
Extracted rgb features shape: torch.Size([16946, 2048])
Extracting ir features with denoising...
Extracted ir features shape: torch.Size([13975, 2048])
get match labels (quantity priority)
Epoch 56 (quantity priority) - Common: 462, Specific: 19, Remain: 186
NaN batch count: 0
Time: 2026-03-24 10:46:45 | phase 1 epoch 57; Setting: ./log/saved_llcm_cssp/llcm3231
e_lr: 2.9999999999999997e-05
r2r_id_loss: 0.04427979;  i2i_id_loss: 0.04604347;  
r2r_tri_loss: 0.0178201;  i2i_tri_loss: 0.02002934;  

R1:0.3834;   R10:0.6708;  R20:0.7542;  mAP:0.4461;  mINP:0.4131
                       Best_R1: 0.3953;    Best mAP: 0.4556
=================================================
Extracting rgb features with denoising...
Extracted rgb features shape: torch.Size([16946, 2048])
Extracting ir features with denoising...
Extracted ir features shape: torch.Size([13975, 2048])
get match labels (quantity priority)
Epoch 57 (quantity priority) - Common: 460, Specific: 18, Remain: 184
NaN batch count: 0
Time: 2026-03-24 11:13:35 | phase 1 epoch 58; Setting: ./log/saved_llcm_cssp/llcm3231
e_lr: 2.9999999999999997e-05
r2r_id_loss: 0.042588048;  i2i_id_loss: 0.046830676;  
r2r_tri_loss: 0.01681488;  i2i_tri_loss: 0.020200575;  

R1:0.3872;   R10:0.6739;  R20:0.7542;  mAP:0.4491;  mINP:0.4155
                       Best_R1: 0.3953;    Best mAP: 0.4556
=================================================
Extracting rgb features with denoising...
Extracted rgb features shape: torch.Size([16946, 2048])
Extracting ir features with denoising...
Extracted ir features shape: torch.Size([13975, 2048])
get match labels (quantity priority)
Epoch 58 (quantity priority) - Common: 470, Specific: 16, Remain: 186
NaN batch count: 0
Time: 2026-03-24 11:51:02 | phase 1 epoch 59; Setting: ./log/saved_llcm_cssp/llcm3231
e_lr: 2.9999999999999997e-05
r2r_id_loss: 0.042918466;  i2i_id_loss: 0.04688161;  
r2r_tri_loss: 0.016283905;  i2i_tri_loss: 0.020329317;  

R1:0.3844;   R10:0.6750;  R20:0.7571;  mAP:0.4481;  mINP:0.4147
                       Best_R1: 0.3953;    Best mAP: 0.4556
=================================================
Extracting rgb features with denoising...
Extracted rgb features shape: torch.Size([16946, 2048])
Extracting ir features with denoising...
Extracted ir features shape: torch.Size([13975, 2048])
get match labels (quantity priority)
Epoch 59 (quantity priority) - Common: 474, Specific: 17, Remain: 176
NaN batch count: 0
Time: 2026-03-24 12:29:04 | phase 1 epoch 60; Setting: ./log/saved_llcm_cssp/llcm3231
e_lr: 2.9999999999999997e-05
r2r_id_loss: 0.046022642;  i2i_id_loss: 0.04818106;  
r2r_tri_loss: 0.015862104;  i2i_tri_loss: 0.019629052;  

R1:0.3861;   R10:0.6747;  R20:0.7551;  mAP:0.4491;  mINP:0.4160
                       Best_R1: 0.3953;    Best mAP: 0.4556
=================================================
Extracting rgb features with denoising...
Extracted rgb features shape: torch.Size([16946, 2048])
Extracting ir features with denoising...
Extracted ir features shape: torch.Size([13975, 2048])
get match labels (quantity priority)
Epoch 60 (quantity priority) - Common: 459, Specific: 15, Remain: 198
NaN batch count: 0
Time: 2026-03-24 13:07:18 | phase 1 epoch 61; Setting: ./log/saved_llcm_cssp/llcm3231
e_lr: 2.9999999999999997e-05
r2r_id_loss: 0.042806827;  i2i_id_loss: 0.04752631;  
r2r_tri_loss: 0.015776241;  i2i_tri_loss: 0.018931463;  

R1:0.3869;   R10:0.6805;  R20:0.7612;  mAP:0.4503;  mINP:0.4166
                       Best_R1: 0.3953;    Best mAP: 0.4556
=================================================
Extracting rgb features with denoising...
Extracted rgb features shape: torch.Size([16946, 2048])
Extracting ir features with denoising...
Extracted ir features shape: torch.Size([13975, 2048])
get match labels (quantity priority)
Epoch 61 (quantity priority) - Common: 473, Specific: 18, Remain: 180
NaN batch count: 0
Time: 2026-03-24 13:44:49 | phase 1 epoch 62; Setting: ./log/saved_llcm_cssp/llcm3231
e_lr: 2.9999999999999997e-05
r2r_id_loss: 0.04235068;  i2i_id_loss: 0.04585076;  
r2r_tri_loss: 0.015090737;  i2i_tri_loss: 0.018393692;  

R1:0.3933;   R10:0.6823;  R20:0.7648;  mAP:0.4570;  mINP:0.4240
                       Best_R1: 0.3953;    Best mAP: 0.4570
=================================================
Extracting rgb features with denoising...
Extracted rgb features shape: torch.Size([16946, 2048])
Extracting ir features with denoising...
Extracted ir features shape: torch.Size([13975, 2048])
get match labels (quantity priority)
Epoch 62 (quantity priority) - Common: 469, Specific: 13, Remain: 186
NaN batch count: 0
Time: 2026-03-24 14:17:08 | phase 1 epoch 63; Setting: ./log/saved_llcm_cssp/llcm3231
e_lr: 2.9999999999999997e-05
r2r_id_loss: 0.041588675;  i2i_id_loss: 0.046366103;  
r2r_tri_loss: 0.014176047;  i2i_tri_loss: 0.01818613;  

R1:0.3851;   R10:0.6685;  R20:0.7496;  mAP:0.4466;  mINP:0.4138
                       Best_R1: 0.3953;    Best mAP: 0.4570
=================================================
Extracting rgb features with denoising...
Extracted rgb features shape: torch.Size([16946, 2048])
Extracting ir features with denoising...
Extracted ir features shape: torch.Size([13975, 2048])
get match labels (quantity priority)
Epoch 63 (quantity priority) - Common: 472, Specific: 17, Remain: 183
NaN batch count: 0
Time: 2026-03-24 14:35:03 | phase 1 epoch 64; Setting: ./log/saved_llcm_cssp/llcm3231
e_lr: 2.9999999999999997e-05
r2r_id_loss: 0.042435322;  i2i_id_loss: 0.044621214;  
r2r_tri_loss: 0.0153842885;  i2i_tri_loss: 0.018126475;  

R1:0.3985;   R10:0.6841;  R20:0.7647;  mAP:0.4607;  mINP:0.4272
                       Best_R1: 0.3985;    Best mAP: 0.4607
=================================================
Extracting rgb features with denoising...
Extracted rgb features shape: torch.Size([16946, 2048])
Extracting ir features with denoising...
Extracted ir features shape: torch.Size([13975, 2048])
get match labels (quantity priority)
Epoch 64 (quantity priority) - Common: 473, Specific: 18, Remain: 182
NaN batch count: 0
Time: 2026-03-24 14:53:00 | phase 1 epoch 65; Setting: ./log/saved_llcm_cssp/llcm3231
e_lr: 2.9999999999999997e-05
r2r_id_loss: 0.043199778;  i2i_id_loss: 0.04391575;  
r2r_tri_loss: 0.01644082;  i2i_tri_loss: 0.016453564;  

R1:0.3946;   R10:0.6850;  R20:0.7658;  mAP:0.4583;  mINP:0.4257
                       Best_R1: 0.3985;    Best mAP: 0.4607
=================================================
Extracting rgb features with denoising...
Extracted rgb features shape: torch.Size([16946, 2048])
Extracting ir features with denoising...
Extracted ir features shape: torch.Size([13975, 2048])
get match labels (quantity priority)
Epoch 65 (quantity priority) - Common: 481, Specific: 15, Remain: 180
NaN batch count: 0
Time: 2026-03-24 15:10:58 | phase 1 epoch 66; Setting: ./log/saved_llcm_cssp/llcm3231
e_lr: 2.9999999999999997e-05
r2r_id_loss: 0.04191967;  i2i_id_loss: 0.043410834;  
r2r_tri_loss: 0.013871499;  i2i_tri_loss: 0.017250571;  

R1:0.3949;   R10:0.6794;  R20:0.7599;  mAP:0.4557;  mINP:0.4220
                       Best_R1: 0.3985;    Best mAP: 0.4607
=================================================
Extracting rgb features with denoising...
Extracted rgb features shape: torch.Size([16946, 2048])
Extracting ir features with denoising...
Extracted ir features shape: torch.Size([13975, 2048])
get match labels (quantity priority)
Epoch 66 (quantity priority) - Common: 472, Specific: 23, Remain: 183
NaN batch count: 0
Time: 2026-03-24 15:28:57 | phase 1 epoch 67; Setting: ./log/saved_llcm_cssp/llcm3231
e_lr: 2.9999999999999997e-05
r2r_id_loss: 0.042622022;  i2i_id_loss: 0.045825146;  
r2r_tri_loss: 0.014381725;  i2i_tri_loss: 0.016348427;  

R1:0.3997;   R10:0.6823;  R20:0.7646;  mAP:0.4604;  mINP:0.4271
                       Best_R1: 0.3997;    Best mAP: 0.4607
=================================================
Extracting rgb features with denoising...
Extracted rgb features shape: torch.Size([16946, 2048])
Extracting ir features with denoising...
Extracted ir features shape: torch.Size([13975, 2048])
get match labels (quantity priority)
Epoch 67 (quantity priority) - Common: 471, Specific: 22, Remain: 177
NaN batch count: 0
Time: 2026-03-24 15:55:36 | phase 1 epoch 68; Setting: ./log/saved_llcm_cssp/llcm3231
e_lr: 2.9999999999999997e-05
r2r_id_loss: 0.040996116;  i2i_id_loss: 0.04765207;  
r2r_tri_loss: 0.013811185;  i2i_tri_loss: 0.016640361;  

R1:0.3889;   R10:0.6798;  R20:0.7601;  mAP:0.4518;  mINP:0.4181
                       Best_R1: 0.3997;    Best mAP: 0.4607
=================================================
Extracting rgb features with denoising...
Extracted rgb features shape: torch.Size([16946, 2048])
Extracting ir features with denoising...
Extracted ir features shape: torch.Size([13975, 2048])
get match labels (quantity priority)
Epoch 68 (quantity priority) - Common: 474, Specific: 20, Remain: 182
NaN batch count: 0
Time: 2026-03-24 16:33:09 | phase 1 epoch 69; Setting: ./log/saved_llcm_cssp/llcm3231
e_lr: 2.9999999999999997e-05
r2r_id_loss: 0.041844625;  i2i_id_loss: 0.045871787;  
r2r_tri_loss: 0.012995259;  i2i_tri_loss: 0.016220931;  

R1:0.3991;   R10:0.6873;  R20:0.7653;  mAP:0.4632;  mINP:0.4299
                       Best_R1: 0.3997;    Best mAP: 0.4632
=================================================
Extracting rgb features with denoising...
Extracted rgb features shape: torch.Size([16946, 2048])
Extracting ir features with denoising...
Extracted ir features shape: torch.Size([13975, 2048])
get match labels (quantity priority)
Epoch 69 (quantity priority) - Common: 458, Specific: 17, Remain: 194
NaN batch count: 0
Time: 2026-03-24 17:11:13 | phase 1 epoch 70; Setting: ./log/saved_llcm_cssp/llcm3231
e_lr: 2.9999999999999997e-05
r2r_id_loss: 0.041284617;  i2i_id_loss: 0.044100676;  
r2r_tri_loss: 0.013241454;  i2i_tri_loss: 0.016446268;  

R1:0.3982;   R10:0.6852;  R20:0.7643;  mAP:0.4602;  mINP:0.4271
                       Best_R1: 0.3997;    Best mAP: 0.4632
=================================================
Extracting rgb features with denoising...
Extracted rgb features shape: torch.Size([16946, 2048])
Extracting ir features with denoising...
Extracted ir features shape: torch.Size([13975, 2048])
get match labels (quantity priority)
Epoch 70 (quantity priority) - Common: 480, Specific: 14, Remain: 175
NaN batch count: 0
Time: 2026-03-24 17:49:15 | phase 1 epoch 71; Setting: ./log/saved_llcm_cssp/llcm3231
e_lr: 3.0000000000000005e-06
r2r_id_loss: 0.036190614;  i2i_id_loss: 0.039242633;  
r2r_tri_loss: 0.011780357;  i2i_tri_loss: 0.014230757;  

R1:0.3972;   R10:0.6847;  R20:0.7640;  mAP:0.4603;  mINP:0.4281
                       Best_R1: 0.3997;    Best mAP: 0.4632
=================================================
Extracting rgb features with denoising...
Extracted rgb features shape: torch.Size([16946, 2048])
Extracting ir features with denoising...
Extracted ir features shape: torch.Size([13975, 2048])
get match labels (quantity priority)
Epoch 71 (quantity priority) - Common: 489, Specific: 17, Remain: 164
NaN batch count: 0
Time: 2026-03-24 18:26:26 | phase 1 epoch 72; Setting: ./log/saved_llcm_cssp/llcm3231
e_lr: 3.0000000000000005e-06
r2r_id_loss: 0.03535926;  i2i_id_loss: 0.03494918;  
r2r_tri_loss: 0.012074556;  i2i_tri_loss: 0.0130523555;  

R1:0.3990;   R10:0.6852;  R20:0.7647;  mAP:0.4617;  mINP:0.4289
                       Best_R1: 0.3997;    Best mAP: 0.4632
=================================================
Extracting rgb features with denoising...
Extracted rgb features shape: torch.Size([16946, 2048])
Extracting ir features with denoising...
Extracted ir features shape: torch.Size([13975, 2048])
get match labels (quantity priority)
Epoch 72 (quantity priority) - Common: 482, Specific: 17, Remain: 168
NaN batch count: 0
Time: 2026-03-24 19:03:41 | phase 1 epoch 73; Setting: ./log/saved_llcm_cssp/llcm3231
e_lr: 3.0000000000000005e-06
r2r_id_loss: 0.03281207;  i2i_id_loss: 0.03383179;  
r2r_tri_loss: 0.011571968;  i2i_tri_loss: 0.013008534;  

R1:0.4036;   R10:0.6918;  R20:0.7705;  mAP:0.4674;  mINP:0.4348
                       Best_R1: 0.4036;    Best mAP: 0.4674
=================================================
Extracting rgb features with denoising...
Extracted rgb features shape: torch.Size([16946, 2048])
Extracting ir features with denoising...
Extracted ir features shape: torch.Size([13975, 2048])
get match labels (quantity priority)
Epoch 73 (quantity priority) - Common: 487, Specific: 15, Remain: 169
NaN batch count: 0
Time: 2026-03-24 19:40:49 | phase 1 epoch 74; Setting: ./log/saved_llcm_cssp/llcm3231
e_lr: 3.0000000000000005e-06
r2r_id_loss: 0.032033034;  i2i_id_loss: 0.03272551;  
r2r_tri_loss: 0.0113961315;  i2i_tri_loss: 0.012396024;  

R1:0.4019;   R10:0.6881;  R20:0.7668;  mAP:0.4645;  mINP:0.4313
                       Best_R1: 0.4036;    Best mAP: 0.4674
=================================================
Extracting rgb features with denoising...
Extracted rgb features shape: torch.Size([16946, 2048])
Extracting ir features with denoising...
Extracted ir features shape: torch.Size([13975, 2048])
get match labels (quantity priority)
Epoch 74 (quantity priority) - Common: 485, Specific: 22, Remain: 160
NaN batch count: 0
Time: 2026-03-24 20:18:02 | phase 1 epoch 75; Setting: ./log/saved_llcm_cssp/llcm3231
e_lr: 3.0000000000000005e-06
r2r_id_loss: 0.032154083;  i2i_id_loss: 0.032442667;  
r2r_tri_loss: 0.011342098;  i2i_tri_loss: 0.012310854;  

R1:0.4010;   R10:0.6879;  R20:0.7659;  mAP:0.4632;  mINP:0.4299
                       Best_R1: 0.4036;    Best mAP: 0.4674
=================================================
Extracting rgb features with denoising...
Extracted rgb features shape: torch.Size([16946, 2048])
Extracting ir features with denoising...
Extracted ir features shape: torch.Size([13975, 2048])
get match labels (quantity priority)
Epoch 75 (quantity priority) - Common: 489, Specific: 16, Remain: 162
NaN batch count: 0
Time: 2026-03-24 20:55:59 | phase 1 epoch 76; Setting: ./log/saved_llcm_cssp/llcm3231
e_lr: 3.0000000000000005e-06
r2r_id_loss: 0.031644974;  i2i_id_loss: 0.033131044;  
r2r_tri_loss: 0.011026003;  i2i_tri_loss: 0.013180272;  

R1:0.3977;   R10:0.6876;  R20:0.7664;  mAP:0.4617;  mINP:0.4292
                       Best_R1: 0.4036;    Best mAP: 0.4674
=================================================
Extracting rgb features with denoising...
Extracted rgb features shape: torch.Size([16946, 2048])
Extracting ir features with denoising...
Extracted ir features shape: torch.Size([13975, 2048])
get match labels (quantity priority)
Epoch 76 (quantity priority) - Common: 495, Specific: 13, Remain: 153
NaN batch count: 0
Time: 2026-03-24 21:33:52 | phase 1 epoch 77; Setting: ./log/saved_llcm_cssp/llcm3231
e_lr: 3.0000000000000005e-06
r2r_id_loss: 0.031645715;  i2i_id_loss: 0.031802345;  
r2r_tri_loss: 0.010847157;  i2i_tri_loss: 0.011188662;  

R1:0.4004;   R10:0.6875;  R20:0.7669;  mAP:0.4638;  mINP:0.4310
                       Best_R1: 0.4036;    Best mAP: 0.4674
=================================================
Extracting rgb features with denoising...
Extracted rgb features shape: torch.Size([16946, 2048])
Extracting ir features with denoising...
Extracted ir features shape: torch.Size([13975, 2048])
get match labels (quantity priority)
Epoch 77 (quantity priority) - Common: 490, Specific: 15, Remain: 156
NaN batch count: 0
Time: 2026-03-24 22:11:03 | phase 1 epoch 78; Setting: ./log/saved_llcm_cssp/llcm3231
e_lr: 3.0000000000000005e-06
r2r_id_loss: 0.030920135;  i2i_id_loss: 0.029843755;  
r2r_tri_loss: 0.010244209;  i2i_tri_loss: 0.010771209;  

R1:0.4008;   R10:0.6889;  R20:0.7673;  mAP:0.4644;  mINP:0.4317
                       Best_R1: 0.4036;    Best mAP: 0.4674
=================================================
Extracting rgb features with denoising...
Extracted rgb features shape: torch.Size([16946, 2048])
Extracting ir features with denoising...
Extracted ir features shape: torch.Size([13975, 2048])
get match labels (quantity priority)
Epoch 78 (quantity priority) - Common: 483, Specific: 14, Remain: 169
NaN batch count: 0
Time: 2026-03-24 22:48:14 | phase 1 epoch 79; Setting: ./log/saved_llcm_cssp/llcm3231
e_lr: 3.0000000000000005e-06
r2r_id_loss: 0.0321768;  i2i_id_loss: 0.03181392;  
r2r_tri_loss: 0.01124498;  i2i_tri_loss: 0.012719353;  

R1:0.3999;   R10:0.6902;  R20:0.7685;  mAP:0.4644;  mINP:0.4319
                       Best_R1: 0.4036;    Best mAP: 0.4674
=================================================
Extracting rgb features with denoising...
Extracted rgb features shape: torch.Size([16946, 2048])
Extracting ir features with denoising...
Extracted ir features shape: torch.Size([13975, 2048])
get match labels (quantity priority)
Epoch 79 (quantity priority) - Common: 486, Specific: 13, Remain: 165
NaN batch count: 0
Time: 2026-03-24 23:25:26 | phase 1 epoch 80; Setting: ./log/saved_llcm_cssp/llcm3231
e_lr: 3.0000000000000005e-06
r2r_id_loss: 0.03112732;  i2i_id_loss: 0.030746987;  
r2r_tri_loss: 0.009989001;  i2i_tri_loss: 0.010818054;  

R1:0.4011;   R10:0.6877;  R20:0.7663;  mAP:0.4641;  mINP:0.4308
                       Best_R1: 0.4036;    Best mAP: 0.4674
=================================================
make dir ./log/saved_pretrain9_llcm_cssp/ successful!
Time: 2026-03-24 23:25:27 | start phase2 from epoch 0
Extracting rgb features...
Extracted rgb features shape: torch.Size([16946, 2048])
Extracting ir features...
Extracted ir features shape: torch.Size([13975, 2048])
get match labels (quantity priority)
Epoch 0 (quantity priority) - Common: 472, Specific: 15, Remain: 171
NaN batch count: 0
Successfully saved best rank1 model to ./log/saved_llcm_cssp/llcm3231/models/model_best_rank1_epoch_0.pth
Successfully saved best mAP model to ./log/saved_llcm_cssp/llcm3231/models/model_best_mAP_epoch_0.pth
Successfully saved best mINP model to ./log/saved_llcm_cssp/llcm3231/models/model_best_mINP_epoch_0.pth
=================================================
Epoch: 0;Time: 2026-03-25 00:04:20;Setting: ./log/saved_llcm_cssp/llcm3231
e_lr: 2.9999999999999997e-06
tri_loss_rgb: 0.012520719;  tri_loss_ir: 0.012838102;  
r2i_cmo_loss: 0.9755427;  i2r_cmo_loss: 0.9654571;  
r2r_id_loss: 0.039328966;  i2i_id_loss: 0.040057413;  
rgb_cross_loss: 6.471906;  ir_cross_loss: 6.483537;  

R1:0.4191;   R10:0.7150;  R20:0.7924;  mAP:0.4856;  mINP:0.4531
                               Best_R1: 0.4191(epoch:1);    Best mAP: 0.4856(epoch:1);    Best mINP: 0.4531(epoch:1)
=================================================
Extracting rgb features...
Extracted rgb features shape: torch.Size([16946, 2048])
Extracting ir features...
Extracted ir features shape: torch.Size([13975, 2048])
get match labels (quantity priority)
Epoch 1 (quantity priority) - Common: 499, Specific: 16, Remain: 156
NaN batch count: 0
Successfully saved best mAP model to ./log/saved_llcm_cssp/llcm3231/models/model_best_mAP_epoch_1.pth
Successfully saved best mINP model to ./log/saved_llcm_cssp/llcm3231/models/model_best_mINP_epoch_1.pth
=================================================
Epoch: 1;Time: 2026-03-25 00:43:51;Setting: ./log/saved_llcm_cssp/llcm3231
e_lr: 3.27e-05
tri_loss_rgb: 0.018669903;  tri_loss_ir: 0.018109582;  
r2i_cmo_loss: 0.61345506;  i2r_cmo_loss: 0.59373647;  
r2r_id_loss: 0.5719913;  i2i_id_loss: 0.47460604;  
rgb_cross_loss: 4.9799976;  ir_cross_loss: 5.2017713;  

R1:0.4133;   R10:0.7484;  R20:0.8324;  mAP:0.4912;  mINP:0.4608
                               Best_R1: 0.4191(epoch:1);    Best mAP: 0.4912(epoch:2);    Best mINP: 0.4608(epoch:2)
=================================================
Extracting rgb features...
Extracted rgb features shape: torch.Size([16946, 2048])
Extracting ir features...
Extracted ir features shape: torch.Size([13975, 2048])
get match labels (quantity priority)
Epoch 2 (quantity priority) - Common: 463, Specific: 26, Remain: 179
NaN batch count: 0
Successfully saved best rank1 model to ./log/saved_llcm_cssp/llcm3231/models/model_best_rank1_epoch_2.pth
Successfully saved best mAP model to ./log/saved_llcm_cssp/llcm3231/models/model_best_mAP_epoch_2.pth
Successfully saved best mINP model to ./log/saved_llcm_cssp/llcm3231/models/model_best_mINP_epoch_2.pth
=================================================
Epoch: 2;Time: 2026-03-25 01:23:48;Setting: ./log/saved_llcm_cssp/llcm3231
e_lr: 6.24e-05
tri_loss_rgb: 0.018107608;  tri_loss_ir: 0.020620756;  
r2i_cmo_loss: 0.5460081;  i2r_cmo_loss: 0.55333906;  
r2r_id_loss: 0.67495805;  i2i_id_loss: 0.5248786;  
rgb_cross_loss: 2.182316;  ir_cross_loss: 2.6809387;  

R1:0.4555;   R10:0.7541;  R20:0.8318;  mAP:0.5249;  mINP:0.4926
                               Best_R1: 0.4555(epoch:3);    Best mAP: 0.5249(epoch:3);    Best mINP: 0.4926(epoch:3)
=================================================
Extracting rgb features...
Extracted rgb features shape: torch.Size([16946, 2048])
Extracting ir features...
Extracted ir features shape: torch.Size([13975, 2048])
get match labels (quantity priority)
Epoch 3 (quantity priority) - Common: 527, Specific: 12, Remain: 138
NaN batch count: 0
=================================================
Epoch: 3;Time: 2026-03-25 02:03:30;Setting: ./log/saved_llcm_cssp/llcm3231
e_lr: 9.209999999999999e-05
tri_loss_rgb: 0.018873561;  tri_loss_ir: 0.020546429;  
r2i_cmo_loss: 0.5693356;  i2r_cmo_loss: 0.5889989;  
r2r_id_loss: 0.42833784;  i2i_id_loss: 0.35454488;  
rgb_cross_loss: 0.8269242;  ir_cross_loss: 0.98652613;  

R1:0.4452;   R10:0.7490;  R20:0.8249;  mAP:0.5146;  mINP:0.4822
                               Best_R1: 0.4555(epoch:3);    Best mAP: 0.5249(epoch:3);    Best mINP: 0.4926(epoch:3)
=================================================
Extracting rgb features...
Extracted rgb features shape: torch.Size([16946, 2048])
Extracting ir features...
Extracted ir features shape: torch.Size([13975, 2048])
get match labels with confidence filter (quality priority)
Epoch 4 (quality priority, conf_thresh=0.40) - Common: 555, Specific: 10, Remain: 111
NaN batch count: 0
=================================================
Epoch: 4;Time: 2026-03-25 02:42:25;Setting: ./log/saved_llcm_cssp/llcm3231
e_lr: 0.00012179999999999999
tri_loss_rgb: 0.021058144;  tri_loss_ir: 0.022412406;  
r2i_cmo_loss: 0.5601289;  i2r_cmo_loss: 0.5801334;  
r2r_id_loss: 0.37755525;  i2i_id_loss: 0.3573895;  
rgb_cross_loss: 0.40913382;  ir_cross_loss: 0.4323358;  

R1:0.4378;   R10:0.7391;  R20:0.8153;  mAP:0.5055;  mINP:0.4722
                               Best_R1: 0.4555(epoch:3);    Best mAP: 0.5249(epoch:3);    Best mINP: 0.4926(epoch:3)
=================================================
Extracting rgb features...
Extracted rgb features shape: torch.Size([16946, 2048])
Extracting ir features...
Extracted ir features shape: torch.Size([13975, 2048])
get match labels with confidence filter (quality priority)
Epoch 5 (quality priority, conf_thresh=0.40) - Common: 563, Specific: 13, Remain: 103
NaN batch count: 0
=================================================
Epoch: 5;Time: 2026-03-25 03:21:06;Setting: ./log/saved_llcm_cssp/llcm3231
e_lr: 0.0001515
tri_loss_rgb: 0.023929674;  tri_loss_ir: 0.02432035;  
r2i_cmo_loss: 0.55824023;  i2r_cmo_loss: 0.5680415;  
r2r_id_loss: 0.40991482;  i2i_id_loss: 0.39744404;  
rgb_cross_loss: 0.29820505;  ir_cross_loss: 0.29466698;  

R1:0.4164;   R10:0.7135;  R20:0.7911;  mAP:0.4822;  mINP:0.4486
                               Best_R1: 0.4555(epoch:3);    Best mAP: 0.5249(epoch:3);    Best mINP: 0.4926(epoch:3)
=================================================
Extracting rgb features...
Extracted rgb features shape: torch.Size([16946, 2048])
Extracting ir features...
Extracted ir features shape: torch.Size([13975, 2048])
get match labels with confidence filter (quality priority)
Epoch 6 (quality priority, conf_thresh=0.40) - Common: 566, Specific: 9, Remain: 106
NaN batch count: 0
=================================================
Epoch: 6;Time: 2026-03-25 03:59:44;Setting: ./log/saved_llcm_cssp/llcm3231
e_lr: 0.00018119999999999999
tri_loss_rgb: 0.029034704;  tri_loss_ir: 0.02979007;  
r2i_cmo_loss: 0.58527666;  i2r_cmo_loss: 0.5831602;  
r2r_id_loss: 0.4516291;  i2i_id_loss: 0.4549043;  
rgb_cross_loss: 0.25744128;  ir_cross_loss: 0.26751968;  

R1:0.4217;   R10:0.7171;  R20:0.7935;  mAP:0.4861;  mINP:0.4518
                               Best_R1: 0.4555(epoch:3);    Best mAP: 0.5249(epoch:3);    Best mINP: 0.4926(epoch:3)
=================================================
Extracting rgb features...
Extracted rgb features shape: torch.Size([16946, 2048])
Extracting ir features...
Extracted ir features shape: torch.Size([13975, 2048])
get match labels with confidence filter (quality priority)
Epoch 7 (quality priority, conf_thresh=0.40) - Common: 568, Specific: 13, Remain: 94
NaN batch count: 0
=================================================
Epoch: 7;Time: 2026-03-25 04:38:19;Setting: ./log/saved_llcm_cssp/llcm3231
e_lr: 0.00021089999999999998
tri_loss_rgb: 0.035618626;  tri_loss_ir: 0.035375662;  
r2i_cmo_loss: 0.6131134;  i2r_cmo_loss: 0.6114374;  
r2r_id_loss: 0.48963112;  i2i_id_loss: 0.48539922;  
rgb_cross_loss: 0.26717067;  ir_cross_loss: 0.26486522;  

R1:0.4101;   R10:0.7167;  R20:0.7986;  mAP:0.4792;  mINP:0.4462
                               Best_R1: 0.4555(epoch:3);    Best mAP: 0.5249(epoch:3);    Best mINP: 0.4926(epoch:3)
=================================================
Extracting rgb features...
Extracted rgb features shape: torch.Size([16946, 2048])
Extracting ir features...
Extracted ir features shape: torch.Size([13975, 2048])
get match labels with confidence filter (quality priority)
Epoch 8 (quality priority, conf_thresh=0.40) - Common: 543, Specific: 18, Remain: 120
NaN batch count: 0
=================================================
Epoch: 8;Time: 2026-03-25 05:16:55;Setting: ./log/saved_llcm_cssp/llcm3231
e_lr: 0.0002406
tri_loss_rgb: 0.040101074;  tri_loss_ir: 0.038976494;  
r2i_cmo_loss: 0.62953985;  i2r_cmo_loss: 0.6204346;  
r2r_id_loss: 0.5282285;  i2i_id_loss: 0.52394694;  
rgb_cross_loss: 0.24957922;  ir_cross_loss: 0.26455122;  

R1:0.4096;   R10:0.7111;  R20:0.7900;  mAP:0.4774;  mINP:0.4435
                               Best_R1: 0.4555(epoch:3);    Best mAP: 0.5249(epoch:3);    Best mINP: 0.4926(epoch:3)
=================================================
Extracting rgb features...
Extracted rgb features shape: torch.Size([16946, 2048])
Extracting ir features...
Extracted ir features shape: torch.Size([13975, 2048])
get match labels with confidence filter (quality priority)
Epoch 9 (quality priority, conf_thresh=0.40) - Common: 549, Specific: 16, Remain: 116
NaN batch count: 0
=================================================
Epoch: 9;Time: 2026-03-25 05:55:22;Setting: ./log/saved_llcm_cssp/llcm3231
e_lr: 0.00027029999999999996
tri_loss_rgb: 0.04625624;  tri_loss_ir: 0.04588117;  
r2i_cmo_loss: 0.67204577;  i2r_cmo_loss: 0.65375334;  
r2r_id_loss: 0.56796116;  i2i_id_loss: 0.5838139;  
rgb_cross_loss: 0.29451618;  ir_cross_loss: 0.30653048;  

R1:0.4020;   R10:0.7040;  R20:0.7845;  mAP:0.4694;  mINP:0.4374
                               Best_R1: 0.4555(epoch:3);    Best mAP: 0.5249(epoch:3);    Best mINP: 0.4926(epoch:3)
=================================================
Extracting rgb features...
Extracted rgb features shape: torch.Size([16946, 2048])
Extracting ir features...
Extracted ir features shape: torch.Size([13975, 2048])
get match labels with confidence filter (quality priority)
Epoch 10 (quality priority, conf_thresh=0.40) - Common: 545, Specific: 13, Remain: 117
NaN batch count: 0
=================================================
Epoch: 10;Time: 2026-03-25 06:33:28;Setting: ./log/saved_llcm_cssp/llcm3231
e_lr: 0.0003
tri_loss_rgb: 0.049106997;  tri_loss_ir: 0.04762668;  
r2i_cmo_loss: 0.6796296;  i2r_cmo_loss: 0.6605176;  
r2r_id_loss: 0.54697025;  i2i_id_loss: 0.56875277;  
rgb_cross_loss: 0.26318628;  ir_cross_loss: 0.28441164;  

R1:0.3955;   R10:0.6871;  R20:0.7684;  mAP:0.4565;  mINP:0.4202
                               Best_R1: 0.4555(epoch:3);    Best mAP: 0.5249(epoch:3);    Best mINP: 0.4926(epoch:3)
=================================================
Extracting rgb features...
Extracted rgb features shape: torch.Size([16946, 2048])
Extracting ir features...
Extracted ir features shape: torch.Size([13975, 2048])
get match labels with confidence filter (quality priority)
Epoch 11 (quality priority, conf_thresh=0.40) - Common: 521, Specific: 20, Remain: 135
NaN batch count: 0
=================================================
Epoch: 11;Time: 2026-03-25 07:10:56;Setting: ./log/saved_llcm_cssp/llcm3231
e_lr: 0.0003
tri_loss_rgb: 0.05023846;  tri_loss_ir: 0.048917085;  
r2i_cmo_loss: 0.66409343;  i2r_cmo_loss: 0.6346833;  
r2r_id_loss: 0.53301305;  i2i_id_loss: 0.5258977;  
rgb_cross_loss: 0.26080722;  ir_cross_loss: 0.24952877;  

R1:0.3884;   R10:0.6773;  R20:0.7611;  mAP:0.4483;  mINP:0.4115
                               Best_R1: 0.4555(epoch:3);    Best mAP: 0.5249(epoch:3);    Best mINP: 0.4926(epoch:3)
=================================================
Extracting rgb features...
Extracted rgb features shape: torch.Size([16946, 2048])
Extracting ir features...
Extracted ir features shape: torch.Size([13975, 2048])
get match labels with confidence filter (quality priority)
Epoch 12 (quality priority, conf_thresh=0.40) - Common: 545, Specific: 11, Remain: 123
NaN batch count: 0
=================================================
Epoch: 12;Time: 2026-03-25 07:48:46;Setting: ./log/saved_llcm_cssp/llcm3231
e_lr: 0.0003
tri_loss_rgb: 0.04270773;  tri_loss_ir: 0.043136455;  
r2i_cmo_loss: 0.6211321;  i2r_cmo_loss: 0.6055615;  
r2r_id_loss: 0.45908746;  i2i_id_loss: 0.47574088;  
rgb_cross_loss: 0.1922829;  ir_cross_loss: 0.20269884;  

R1:0.4115;   R10:0.6992;  R20:0.7799;  mAP:0.4709;  mINP:0.4330
                               Best_R1: 0.4555(epoch:3);    Best mAP: 0.5249(epoch:3);    Best mINP: 0.4926(epoch:3)
=================================================
Extracting rgb features...
Extracted rgb features shape: torch.Size([16946, 2048])
Extracting ir features...
Extracted ir features shape: torch.Size([13975, 2048])
get match labels with confidence filter (quality priority)
Epoch 13 (quality priority, conf_thresh=0.40) - Common: 558, Specific: 19, Remain: 99
NaN batch count: 0
=================================================
Epoch: 13;Time: 2026-03-25 08:25:33;Setting: ./log/saved_llcm_cssp/llcm3231
e_lr: 0.0003
tri_loss_rgb: 0.04579497;  tri_loss_ir: 0.04549201;  
r2i_cmo_loss: 0.60660636;  i2r_cmo_loss: 0.5882423;  
r2r_id_loss: 0.46746618;  i2i_id_loss: 0.47268587;  
rgb_cross_loss: 0.19983675;  ir_cross_loss: 0.2009065;  

R1:0.3965;   R10:0.6923;  R20:0.7743;  mAP:0.4600;  mINP:0.4244
                               Best_R1: 0.4555(epoch:3);    Best mAP: 0.5249(epoch:3);    Best mINP: 0.4926(epoch:3)
=================================================
Extracting rgb features...
Extracted rgb features shape: torch.Size([16946, 2048])
Extracting ir features...
Extracted ir features shape: torch.Size([13975, 2048])
get match labels with confidence filter (quality priority)
Epoch 14 (quality priority, conf_thresh=0.40) - Common: 555, Specific: 18, Remain: 103
NaN batch count: 0
=================================================
Epoch: 14;Time: 2026-03-25 09:02:27;Setting: ./log/saved_llcm_cssp/llcm3231
e_lr: 0.0003
tri_loss_rgb: 0.04466842;  tri_loss_ir: 0.043998357;  
r2i_cmo_loss: 0.5989713;  i2r_cmo_loss: 0.577203;  
r2r_id_loss: 0.44750854;  i2i_id_loss: 0.44529107;  
rgb_cross_loss: 0.1860989;  ir_cross_loss: 0.17423707;  

R1:0.3991;   R10:0.6967;  R20:0.7784;  mAP:0.4614;  mINP:0.4240
                               Best_R1: 0.4555(epoch:3);    Best mAP: 0.5249(epoch:3);    Best mINP: 0.4926(epoch:3)
=================================================
Extracting rgb features...
Extracted rgb features shape: torch.Size([16946, 2048])
Extracting ir features...
Extracted ir features shape: torch.Size([13975, 2048])
get match labels with confidence filter (quality priority)
Epoch 15 (quality priority, conf_thresh=0.40) - Common: 547, Specific: 11, Remain: 119
NaN batch count: 0
=================================================
Epoch: 15;Time: 2026-03-25 09:39:21;Setting: ./log/saved_llcm_cssp/llcm3231
e_lr: 0.0003
tri_loss_rgb: 0.046644457;  tri_loss_ir: 0.0452038;  
r2i_cmo_loss: 0.5926321;  i2r_cmo_loss: 0.58032095;  
r2r_id_loss: 0.46222866;  i2i_id_loss: 0.4738397;  
rgb_cross_loss: 0.19229828;  ir_cross_loss: 0.2030155;  

R1:0.3994;   R10:0.6875;  R20:0.7657;  mAP:0.4599;  mINP:0.4232
                               Best_R1: 0.4555(epoch:3);    Best mAP: 0.5249(epoch:3);    Best mINP: 0.4926(epoch:3)
=================================================
Extracting rgb features...
Extracted rgb features shape: torch.Size([16946, 2048])
Extracting ir features...
Extracted ir features shape: torch.Size([13975, 2048])
get match labels with confidence filter (quality priority)
Epoch 16 (quality priority, conf_thresh=0.40) - Common: 577, Specific: 12, Remain: 92
NaN batch count: 0
=================================================
Epoch: 16;Time: 2026-03-25 10:16:11;Setting: ./log/saved_llcm_cssp/llcm3231
e_lr: 0.0003
tri_loss_rgb: 0.044886857;  tri_loss_ir: 0.043928787;  
r2i_cmo_loss: 0.5832588;  i2r_cmo_loss: 0.5563043;  
r2r_id_loss: 0.41683543;  i2i_id_loss: 0.43765345;  
rgb_cross_loss: 0.1632666;  ir_cross_loss: 0.1700669;  

R1:0.3946;   R10:0.6879;  R20:0.7686;  mAP:0.4564;  mINP:0.4198
                               Best_R1: 0.4555(epoch:3);    Best mAP: 0.5249(epoch:3);    Best mINP: 0.4926(epoch:3)
=================================================
Extracting rgb features...
Extracted rgb features shape: torch.Size([16946, 2048])
Extracting ir features...
Extracted ir features shape: torch.Size([13975, 2048])
get match labels with confidence filter (quality priority)
Epoch 17 (quality priority, conf_thresh=0.40) - Common: 577, Specific: 14, Remain: 85
NaN batch count: 0
=================================================
Epoch: 17;Time: 2026-03-25 10:53:57;Setting: ./log/saved_llcm_cssp/llcm3231
e_lr: 0.0003
tri_loss_rgb: 0.045392442;  tri_loss_ir: 0.045239285;  
r2i_cmo_loss: 0.5723778;  i2r_cmo_loss: 0.55061376;  
r2r_id_loss: 0.4367419;  i2i_id_loss: 0.42302954;  
rgb_cross_loss: 0.17615914;  ir_cross_loss: 0.16224536;  

R1:0.4092;   R10:0.6994;  R20:0.7782;  mAP:0.4683;  mINP:0.4305
                               Best_R1: 0.4555(epoch:3);    Best mAP: 0.5249(epoch:3);    Best mINP: 0.4926(epoch:3)
=================================================
Extracting rgb features...
Extracted rgb features shape: torch.Size([16946, 2048])
Extracting ir features...
Extracted ir features shape: torch.Size([13975, 2048])
get match labels with confidence filter (quality priority)
Epoch 18 (quality priority, conf_thresh=0.40) - Common: 587, Specific: 10, Remain: 83
NaN batch count: 0
=================================================
Epoch: 18;Time: 2026-03-25 11:31:42;Setting: ./log/saved_llcm_cssp/llcm3231
e_lr: 0.0003
tri_loss_rgb: 0.04467366;  tri_loss_ir: 0.04295037;  
r2i_cmo_loss: 0.5616189;  i2r_cmo_loss: 0.54993993;  
r2r_id_loss: 0.41395962;  i2i_id_loss: 0.43130073;  
rgb_cross_loss: 0.1553801;  ir_cross_loss: 0.16839649;  

R1:0.4017;   R10:0.6935;  R20:0.7718;  mAP:0.4613;  mINP:0.4235
                               Best_R1: 0.4555(epoch:3);    Best mAP: 0.5249(epoch:3);    Best mINP: 0.4926(epoch:3)
=================================================
Extracting rgb features...
Extracted rgb features shape: torch.Size([16946, 2048])
Extracting ir features...
Extracted ir features shape: torch.Size([13975, 2048])
get match labels with confidence filter (quality priority)
Epoch 19 (quality priority, conf_thresh=0.40) - Common: 585, Specific: 12, Remain: 79
NaN batch count: 0
=================================================
Epoch: 19;Time: 2026-03-25 12:08:42;Setting: ./log/saved_llcm_cssp/llcm3231
e_lr: 0.0003
tri_loss_rgb: 0.04432195;  tri_loss_ir: 0.043774698;  
r2i_cmo_loss: 0.5610735;  i2r_cmo_loss: 0.5486684;  
r2r_id_loss: 0.42516825;  i2i_id_loss: 0.42630118;  
rgb_cross_loss: 0.16212173;  ir_cross_loss: 0.1678548;  

R1:0.3949;   R10:0.6845;  R20:0.7629;  mAP:0.4566;  mINP:0.4214
                               Best_R1: 0.4555(epoch:3);    Best mAP: 0.5249(epoch:3);    Best mINP: 0.4926(epoch:3)
=================================================
Extracting rgb features...
Extracted rgb features shape: torch.Size([16946, 2048])
Extracting ir features...
Extracted ir features shape: torch.Size([13975, 2048])
get match labels with confidence filter (quality priority)
Epoch 20 (quality priority, conf_thresh=0.40) - Common: 580, Specific: 13, Remain: 87
NaN batch count: 0
=================================================
Epoch: 20;Time: 2026-03-25 12:45:28;Setting: ./log/saved_llcm_cssp/llcm3231
e_lr: 0.0003
tri_loss_rgb: 0.044133063;  tri_loss_ir: 0.043058317;  
r2i_cmo_loss: 0.5473605;  i2r_cmo_loss: 0.5313184;  
r2r_id_loss: 0.40579256;  i2i_id_loss: 0.41298282;  
rgb_cross_loss: 0.13896164;  ir_cross_loss: 0.16045561;  

R1:0.4059;   R10:0.6970;  R20:0.7741;  mAP:0.4656;  mINP:0.4279
                               Best_R1: 0.4555(epoch:3);    Best mAP: 0.5249(epoch:3);    Best mINP: 0.4926(epoch:3)
=================================================
Extracting rgb features...
Extracted rgb features shape: torch.Size([16946, 2048])
Extracting ir features...
Extracted ir features shape: torch.Size([13975, 2048])
get match labels with confidence filter (quality priority)
Epoch 21 (quality priority, conf_thresh=0.40) - Common: 581, Specific: 14, Remain: 90
NaN batch count: 0
=================================================
Epoch: 21;Time: 2026-03-25 13:22:19;Setting: ./log/saved_llcm_cssp/llcm3231
e_lr: 0.0003
tri_loss_rgb: 0.042210244;  tri_loss_ir: 0.04143095;  
r2i_cmo_loss: 0.5501578;  i2r_cmo_loss: 0.53500825;  
r2r_id_loss: 0.41221696;  i2i_id_loss: 0.41613585;  
rgb_cross_loss: 0.15486215;  ir_cross_loss: 0.15860388;  

R1:0.3925;   R10:0.6752;  R20:0.7560;  mAP:0.4496;  mINP:0.4125
                               Best_R1: 0.4555(epoch:3);    Best mAP: 0.5249(epoch:3);    Best mINP: 0.4926(epoch:3)
=================================================
Extracting rgb features...
Extracted rgb features shape: torch.Size([16946, 2048])
Extracting ir features...
Extracted ir features shape: torch.Size([13975, 2048])
get match labels with confidence filter (quality priority)
Epoch 22 (quality priority, conf_thresh=0.40) - Common: 594, Specific: 11, Remain: 74
NaN batch count: 0
=================================================
Epoch: 22;Time: 2026-03-25 13:59:01;Setting: ./log/saved_llcm_cssp/llcm3231
e_lr: 0.0003
tri_loss_rgb: 0.04355787;  tri_loss_ir: 0.042406194;  
r2i_cmo_loss: 0.54352593;  i2r_cmo_loss: 0.52553505;  
r2r_id_loss: 0.39024973;  i2i_id_loss: 0.4062673;  
rgb_cross_loss: 0.13603199;  ir_cross_loss: 0.1555177;  

R1:0.4118;   R10:0.7021;  R20:0.7840;  mAP:0.4710;  mINP:0.4322
                               Best_R1: 0.4555(epoch:3);    Best mAP: 0.5249(epoch:3);    Best mINP: 0.4926(epoch:3)
=================================================
Extracting rgb features...
Extracted rgb features shape: torch.Size([16946, 2048])
Extracting ir features...
Extracted ir features shape: torch.Size([13975, 2048])
get match labels with confidence filter (quality priority)
Epoch 23 (quality priority, conf_thresh=0.40) - Common: 591, Specific: 18, Remain: 74
NaN batch count: 0
=================================================
Epoch: 23;Time: 2026-03-25 14:18:41;Setting: ./log/saved_llcm_cssp/llcm3231
e_lr: 0.0003
tri_loss_rgb: 0.042926155;  tri_loss_ir: 0.042613808;  
r2i_cmo_loss: 0.54970545;  i2r_cmo_loss: 0.53155863;  
r2r_id_loss: 0.4106485;  i2i_id_loss: 0.4209762;  
rgb_cross_loss: 0.16464956;  ir_cross_loss: 0.16586563;  

R1:0.4045;   R10:0.6984;  R20:0.7745;  mAP:0.4656;  mINP:0.4280
                               Best_R1: 0.4555(epoch:3);    Best mAP: 0.5249(epoch:3);    Best mINP: 0.4926(epoch:3)
=================================================
Extracting rgb features...
Extracted rgb features shape: torch.Size([16946, 2048])
Extracting ir features...
Extracted ir features shape: torch.Size([13975, 2048])
get match labels with confidence filter (quality priority)
Epoch 24 (quality priority, conf_thresh=0.40) - Common: 597, Specific: 9, Remain: 79
NaN batch count: 0
=================================================
Epoch: 24;Time: 2026-03-25 14:36:37;Setting: ./log/saved_llcm_cssp/llcm3231
e_lr: 0.0003
tri_loss_rgb: 0.040220574;  tri_loss_ir: 0.039218742;  
r2i_cmo_loss: 0.53449816;  i2r_cmo_loss: 0.5214946;  
r2r_id_loss: 0.39373884;  i2i_id_loss: 0.39056313;  
rgb_cross_loss: 0.13969383;  ir_cross_loss: 0.14280106;  

R1:0.4034;   R10:0.7007;  R20:0.7837;  mAP:0.4670;  mINP:0.4311
                               Best_R1: 0.4555(epoch:3);    Best mAP: 0.5249(epoch:3);    Best mINP: 0.4926(epoch:3)
=================================================
Extracting rgb features...
Extracted rgb features shape: torch.Size([16946, 2048])
Extracting ir features...
Extracted ir features shape: torch.Size([13975, 2048])
get match labels with confidence filter (quality priority)
Epoch 25 (quality priority, conf_thresh=0.40) - Common: 606, Specific: 7, Remain: 66
NaN batch count: 0
=================================================
Epoch: 25;Time: 2026-03-25 14:54:33;Setting: ./log/saved_llcm_cssp/llcm3231
e_lr: 0.0003
tri_loss_rgb: 0.042154457;  tri_loss_ir: 0.04191582;  
r2i_cmo_loss: 0.53313136;  i2r_cmo_loss: 0.5199807;  
r2r_id_loss: 0.3917527;  i2i_id_loss: 0.4028199;  
rgb_cross_loss: 0.1383561;  ir_cross_loss: 0.1522684;  

R1:0.4064;   R10:0.6887;  R20:0.7671;  mAP:0.4653;  mINP:0.4288
                               Best_R1: 0.4555(epoch:3);    Best mAP: 0.5249(epoch:3);    Best mINP: 0.4926(epoch:3)
=================================================
Extracting rgb features...
Extracted rgb features shape: torch.Size([16946, 2048])
Extracting ir features...
Extracted ir features shape: torch.Size([13975, 2048])
get match labels with confidence filter (quality priority)
Epoch 26 (quality priority, conf_thresh=0.40) - Common: 602, Specific: 12, Remain: 71
NaN batch count: 0
=================================================
Epoch: 26;Time: 2026-03-25 15:12:28;Setting: ./log/saved_llcm_cssp/llcm3231
e_lr: 0.0003
tri_loss_rgb: 0.043887485;  tri_loss_ir: 0.042750318;  
r2i_cmo_loss: 0.5308416;  i2r_cmo_loss: 0.51910067;  
r2r_id_loss: 0.38602465;  i2i_id_loss: 0.39909878;  
rgb_cross_loss: 0.14933799;  ir_cross_loss: 0.15083086;  

R1:0.4254;   R10:0.7168;  R20:0.7928;  mAP:0.4867;  mINP:0.4500
                               Best_R1: 0.4555(epoch:3);    Best mAP: 0.5249(epoch:3);    Best mINP: 0.4926(epoch:3)
=================================================
Extracting rgb features...
Extracted rgb features shape: torch.Size([16946, 2048])
Extracting ir features...
Extracted ir features shape: torch.Size([13975, 2048])
get match labels with confidence filter (quality priority)
Epoch 27 (quality priority, conf_thresh=0.40) - Common: 604, Specific: 12, Remain: 71
NaN batch count: 0
=================================================
Epoch: 27;Time: 2026-03-25 15:30:23;Setting: ./log/saved_llcm_cssp/llcm3231
e_lr: 0.0003
tri_loss_rgb: 0.044315614;  tri_loss_ir: 0.0434007;  
r2i_cmo_loss: 0.53258544;  i2r_cmo_loss: 0.51864797;  
r2r_id_loss: 0.3962516;  i2i_id_loss: 0.39248568;  
rgb_cross_loss: 0.1460475;  ir_cross_loss: 0.14221191;  

R1:0.4148;   R10:0.7116;  R20:0.7898;  mAP:0.4770;  mINP:0.4396
                               Best_R1: 0.4555(epoch:3);    Best mAP: 0.5249(epoch:3);    Best mINP: 0.4926(epoch:3)
=================================================
Extracting rgb features...
Extracted rgb features shape: torch.Size([16946, 2048])
Extracting ir features...
Extracted ir features shape: torch.Size([13975, 2048])
get match labels with confidence filter (quality priority)
Epoch 28 (quality priority, conf_thresh=0.40) - Common: 608, Specific: 15, Remain: 60
NaN batch count: 0
=================================================
Epoch: 28;Time: 2026-03-25 15:48:18;Setting: ./log/saved_llcm_cssp/llcm3231
e_lr: 0.0003
tri_loss_rgb: 0.041005503;  tri_loss_ir: 0.04060412;  
r2i_cmo_loss: 0.5247811;  i2r_cmo_loss: 0.5141437;  
r2r_id_loss: 0.38091475;  i2i_id_loss: 0.3864629;  
rgb_cross_loss: 0.13959697;  ir_cross_loss: 0.1414357;  

R1:0.4054;   R10:0.6908;  R20:0.7688;  mAP:0.4632;  mINP:0.4243
                               Best_R1: 0.4555(epoch:3);    Best mAP: 0.5249(epoch:3);    Best mINP: 0.4926(epoch:3)
=================================================
Extracting rgb features...
Extracted rgb features shape: torch.Size([16946, 2048])
Extracting ir features...
Extracted ir features shape: torch.Size([13975, 2048])
get match labels with confidence filter (quality priority)
Epoch 29 (quality priority, conf_thresh=0.40) - Common: 629, Specific: 15, Remain: 41
NaN batch count: 0
=================================================
Epoch: 29;Time: 2026-03-25 16:06:14;Setting: ./log/saved_llcm_cssp/llcm3231
e_lr: 0.0003
tri_loss_rgb: 0.0417114;  tri_loss_ir: 0.041106686;  
r2i_cmo_loss: 0.52213824;  i2r_cmo_loss: 0.50717574;  
r2r_id_loss: 0.36672556;  i2i_id_loss: 0.38299876;  
rgb_cross_loss: 0.13516514;  ir_cross_loss: 0.13875276;  

R1:0.4131;   R10:0.6994;  R20:0.7732;  mAP:0.4722;  mINP:0.4349
                               Best_R1: 0.4555(epoch:3);    Best mAP: 0.5249(epoch:3);    Best mINP: 0.4926(epoch:3)
=================================================
Extracting rgb features with denoising...
Extracted rgb features shape: torch.Size([16946, 2048])
Extracting ir features with denoising...
Extracted ir features shape: torch.Size([13975, 2048])
get match labels with confidence filter (quality priority)
Epoch 30 (quality priority, conf_thresh=0.40) - Common: 622, Specific: 11, Remain: 48
NaN batch count: 0
=================================================
Epoch: 30;Time: 2026-03-25 16:24:09;Setting: ./log/saved_llcm_cssp/llcm3231
e_lr: 2.9999999999999997e-05
tri_loss_rgb: 0.03251192;  tri_loss_ir: 0.03187887;  
r2i_cmo_loss: 0.48286176;  i2r_cmo_loss: 0.4669294;  
r2r_id_loss: 0.23770587;  i2i_id_loss: 0.23969361;  
rgb_cross_loss: 0.07704466;  ir_cross_loss: 0.0718942;  
weak_r2c_loss: 0.03178849;  
R1:0.4547;   R10:0.7385;  R20:0.8073;  mAP:0.5143;  mINP:0.4775
                               Best_R1: 0.4555(epoch:3);    Best mAP: 0.5249(epoch:3);    Best mINP: 0.4926(epoch:3)
=================================================
Extracting rgb features with denoising...
Extracted rgb features shape: torch.Size([16946, 2048])
Extracting ir features with denoising...
Extracted ir features shape: torch.Size([13975, 2048])
get match labels with confidence filter (quality priority)
Epoch 31 (quality priority, conf_thresh=0.40) - Common: 652, Specific: 7, Remain: 21
NaN batch count: 0
Successfully saved best rank1 model to ./log/saved_llcm_cssp/llcm3231/models/model_best_rank1_epoch_31.pth
=================================================
Epoch: 31;Time: 2026-03-25 16:42:03;Setting: ./log/saved_llcm_cssp/llcm3231
e_lr: 2.9999999999999997e-05
tri_loss_rgb: 0.029078688;  tri_loss_ir: 0.028929621;  
r2i_cmo_loss: 0.44308844;  i2r_cmo_loss: 0.4304953;  
r2r_id_loss: 0.18292904;  i2i_id_loss: 0.18382482;  
rgb_cross_loss: 0.054917682;  ir_cross_loss: 0.052420042;  
weak_r2c_loss: 0.02389783;  
R1:0.4598;   R10:0.7466;  R20:0.8159;  mAP:0.5213;  mINP:0.4852
                               Best_R1: 0.4598(epoch:32);    Best mAP: 0.5249(epoch:3);    Best mINP: 0.4926(epoch:3)
=================================================
Extracting rgb features with denoising...
Extracted rgb features shape: torch.Size([16946, 2048])
Extracting ir features with denoising...
Extracted ir features shape: torch.Size([13975, 2048])
get match labels with confidence filter (quality priority)
Epoch 32 (quality priority, conf_thresh=0.41) - Common: 658, Specific: 6, Remain: 14
NaN batch count: 0
Successfully saved best rank1 model to ./log/saved_llcm_cssp/llcm3231/models/model_best_rank1_epoch_32.pth
=================================================
Epoch: 32;Time: 2026-03-25 16:59:57;Setting: ./log/saved_llcm_cssp/llcm3231
e_lr: 2.9999999999999997e-05
tri_loss_rgb: 0.02610327;  tri_loss_ir: 0.025801366;  
r2i_cmo_loss: 0.41092893;  i2r_cmo_loss: 0.39592424;  
weak_r2c_loss: 0.020532206;  r2r_id_loss: 0.17072122;  
i2i_id_loss: 0.16993086;  rgb_cross_loss: 0.04274703;  
ir_cross_loss: 0.040683333;  
R1:0.4628;   R10:0.7479;  R20:0.8173;  mAP:0.5235;  mINP:0.4870
                               Best_R1: 0.4628(epoch:33);    Best mAP: 0.5249(epoch:3);    Best mINP: 0.4926(epoch:3)
=================================================
Extracting rgb features with denoising...
Extracted rgb features shape: torch.Size([16946, 2048])
Extracting ir features with denoising...
Extracted ir features shape: torch.Size([13975, 2048])
get match labels with confidence filter (quality priority)
Epoch 33 (quality priority, conf_thresh=0.41) - Common: 654, Specific: 5, Remain: 18
NaN batch count: 0
Successfully saved best rank1 model to ./log/saved_llcm_cssp/llcm3231/models/model_best_rank1_epoch_33.pth
Successfully saved best mAP model to ./log/saved_llcm_cssp/llcm3231/models/model_best_mAP_epoch_33.pth
=================================================
Epoch: 33;Time: 2026-03-25 17:17:53;Setting: ./log/saved_llcm_cssp/llcm3231
e_lr: 2.9999999999999997e-05
tri_loss_rgb: 0.02646633;  tri_loss_ir: 0.026014922;  
r2i_cmo_loss: 0.38520095;  i2r_cmo_loss: 0.37329814;  
weak_r2c_loss: 0.011321908;  r2r_id_loss: 0.17329039;  
i2i_id_loss: 0.17446351;  rgb_cross_loss: 0.038423285;  
ir_cross_loss: 0.03970984;  
R1:0.4666;   R10:0.7482;  R20:0.8166;  mAP:0.5259;  mINP:0.4893
                               Best_R1: 0.4666(epoch:34);    Best mAP: 0.5259(epoch:34);    Best mINP: 0.4926(epoch:3)
=================================================
Extracting rgb features with denoising...
Extracted rgb features shape: torch.Size([16946, 2048])
Extracting ir features with denoising...
Extracted ir features shape: torch.Size([13975, 2048])
get match labels with confidence filter (quality priority)
Epoch 34 (quality priority, conf_thresh=0.42) - Common: 658, Specific: 7, Remain: 15
NaN batch count: 0
Successfully saved best rank1 model to ./log/saved_llcm_cssp/llcm3231/models/model_best_rank1_epoch_34.pth
Successfully saved best mAP model to ./log/saved_llcm_cssp/llcm3231/models/model_best_mAP_epoch_34.pth
=================================================
Epoch: 34;Time: 2026-03-25 17:35:49;Setting: ./log/saved_llcm_cssp/llcm3231
e_lr: 2.9999999999999997e-05
tri_loss_rgb: 0.024283303;  tri_loss_ir: 0.023617638;  
r2i_cmo_loss: 0.3653436;  i2r_cmo_loss: 0.35517424;  
r2r_id_loss: 0.17691165;  i2i_id_loss: 0.17658943;  
rgb_cross_loss: 0.036236968;  ir_cross_loss: 0.038986966;  
weak_r2c_loss: 0.020576496;  
R1:0.4690;   R10:0.7493;  R20:0.8181;  mAP:0.5289;  mINP:0.4924
                               Best_R1: 0.4690(epoch:35);    Best mAP: 0.5289(epoch:35);    Best mINP: 0.4926(epoch:3)
=================================================
Extracting rgb features with denoising...
Extracted rgb features shape: torch.Size([16946, 2048])
Extracting ir features with denoising...
Extracted ir features shape: torch.Size([13975, 2048])
get match labels with confidence filter (quality priority)
Epoch 35 (quality priority, conf_thresh=0.42) - Common: 660, Specific: 5, Remain: 15
NaN batch count: 0
Successfully saved best rank1 model to ./log/saved_llcm_cssp/llcm3231/models/model_best_rank1_epoch_35.pth
Successfully saved best mAP model to ./log/saved_llcm_cssp/llcm3231/models/model_best_mAP_epoch_35.pth
Successfully saved best mINP model to ./log/saved_llcm_cssp/llcm3231/models/model_best_mINP_epoch_35.pth
=================================================
Epoch: 35;Time: 2026-03-25 17:53:46;Setting: ./log/saved_llcm_cssp/llcm3231
e_lr: 2.9999999999999997e-05
tri_loss_rgb: 0.023295632;  tri_loss_ir: 0.02312821;  
r2i_cmo_loss: 0.35050112;  i2r_cmo_loss: 0.34231117;  
r2r_id_loss: 0.18014564;  i2i_id_loss: 0.17349286;  
rgb_cross_loss: 0.03428742;  ir_cross_loss: 0.034738433;  
weak_r2c_loss: 0.021630362;  
R1:0.4705;   R10:0.7550;  R20:0.8229;  mAP:0.5316;  mINP:0.4949
                               Best_R1: 0.4705(epoch:36);    Best mAP: 0.5316(epoch:36);    Best mINP: 0.4949(epoch:36)
=================================================
Extracting rgb features with denoising...
Extracted rgb features shape: torch.Size([16946, 2048])
Extracting ir features with denoising...
Extracted ir features shape: torch.Size([13975, 2048])
get match labels with confidence filter (quality priority)
Epoch 36 (quality priority, conf_thresh=0.43) - Common: 661, Specific: 5, Remain: 16
NaN batch count: 0
Successfully saved best rank1 model to ./log/saved_llcm_cssp/llcm3231/models/model_best_rank1_epoch_36.pth
Successfully saved best mAP model to ./log/saved_llcm_cssp/llcm3231/models/model_best_mAP_epoch_36.pth
Successfully saved best mINP model to ./log/saved_llcm_cssp/llcm3231/models/model_best_mINP_epoch_36.pth
=================================================
Epoch: 36;Time: 2026-03-25 18:11:43;Setting: ./log/saved_llcm_cssp/llcm3231
e_lr: 2.9999999999999997e-05
tri_loss_rgb: 0.02325305;  tri_loss_ir: 0.02327674;  
r2i_cmo_loss: 0.33915997;  i2r_cmo_loss: 0.33242142;  
r2r_id_loss: 0.1806132;  i2i_id_loss: 0.17709419;  
rgb_cross_loss: 0.03535533;  ir_cross_loss: 0.03598872;  
weak_r2c_loss: 0.024188958;  
R1:0.4742;   R10:0.7570;  R20:0.8247;  mAP:0.5352;  mINP:0.4990
                               Best_R1: 0.4742(epoch:37);    Best mAP: 0.5352(epoch:37);    Best mINP: 0.4990(epoch:37)
=================================================
Extracting rgb features with denoising...
Extracted rgb features shape: torch.Size([16946, 2048])
Extracting ir features with denoising...
Extracted ir features shape: torch.Size([13975, 2048])
get match labels with confidence filter (quality priority)
Epoch 37 (quality priority, conf_thresh=0.43) - Common: 661, Specific: 7, Remain: 12
NaN batch count: 0
Successfully saved best mINP model to ./log/saved_llcm_cssp/llcm3231/models/model_best_mINP_epoch_37.pth
=================================================
Epoch: 37;Time: 2026-03-25 18:29:37;Setting: ./log/saved_llcm_cssp/llcm3231
e_lr: 2.9999999999999997e-05
tri_loss_rgb: 0.021145547;  tri_loss_ir: 0.020948993;  
r2i_cmo_loss: 0.33244973;  i2r_cmo_loss: 0.32442623;  
weak_r2c_loss: 0.027247965;  r2r_id_loss: 0.18427207;  
i2i_id_loss: 0.18183051;  rgb_cross_loss: 0.035667755;  
ir_cross_loss: 0.036829803;  
R1:0.4735;   R10:0.7557;  R20:0.8237;  mAP:0.5350;  mINP:0.4991
                               Best_R1: 0.4742(epoch:37);    Best mAP: 0.5352(epoch:37);    Best mINP: 0.4991(epoch:38)
=================================================
Extracting rgb features with denoising...
Extracted rgb features shape: torch.Size([16946, 2048])
Extracting ir features with denoising...
Extracted ir features shape: torch.Size([13975, 2048])
get match labels with confidence filter (quality priority)
Epoch 38 (quality priority, conf_thresh=0.43) - Common: 661, Specific: 6, Remain: 10
NaN batch count: 0
Successfully saved best rank1 model to ./log/saved_llcm_cssp/llcm3231/models/model_best_rank1_epoch_38.pth
Successfully saved best mAP model to ./log/saved_llcm_cssp/llcm3231/models/model_best_mAP_epoch_38.pth
Successfully saved best mINP model to ./log/saved_llcm_cssp/llcm3231/models/model_best_mINP_epoch_38.pth
=================================================
Epoch: 38;Time: 2026-03-25 18:47:33;Setting: ./log/saved_llcm_cssp/llcm3231
e_lr: 2.9999999999999997e-05
tri_loss_rgb: 0.021913335;  tri_loss_ir: 0.021634268;  
r2i_cmo_loss: 0.32539988;  i2r_cmo_loss: 0.3198501;  
weak_r2c_loss: 0.021553706;  r2r_id_loss: 0.18166842;  
i2i_id_loss: 0.18158823;  rgb_cross_loss: 0.03513423;  
ir_cross_loss: 0.037391286;  
R1:0.4808;   R10:0.7593;  R20:0.8261;  mAP:0.5416;  mINP:0.5058
                               Best_R1: 0.4808(epoch:39);    Best mAP: 0.5416(epoch:39);    Best mINP: 0.5058(epoch:39)
=================================================
Extracting rgb features with denoising...
Extracted rgb features shape: torch.Size([16946, 2048])
Extracting ir features with denoising...
Extracted ir features shape: torch.Size([13975, 2048])
get match labels with confidence filter (quality priority)
Epoch 39 (quality priority, conf_thresh=0.44) - Common: 663, Specific: 5, Remain: 10
NaN batch count: 0
Successfully saved best rank1 model to ./log/saved_llcm_cssp/llcm3231/models/model_best_rank1_epoch_39.pth
Successfully saved best mAP model to ./log/saved_llcm_cssp/llcm3231/models/model_best_mAP_epoch_39.pth
Successfully saved best mINP model to ./log/saved_llcm_cssp/llcm3231/models/model_best_mINP_epoch_39.pth
=================================================
Epoch: 39;Time: 2026-03-25 19:05:30;Setting: ./log/saved_llcm_cssp/llcm3231
e_lr: 2.9999999999999997e-05
tri_loss_rgb: 0.019877296;  tri_loss_ir: 0.019901892;  
r2i_cmo_loss: 0.3194053;  i2r_cmo_loss: 0.3153437;  
r2r_id_loss: 0.18201052;  i2i_id_loss: 0.18107857;  
rgb_cross_loss: 0.035134558;  ir_cross_loss: 0.03722301;  
weak_r2c_loss: 0.013765381;  
R1:0.4832;   R10:0.7629;  R20:0.8290;  mAP:0.5431;  mINP:0.5067
                               Best_R1: 0.4832(epoch:40);    Best mAP: 0.5431(epoch:40);    Best mINP: 0.5067(epoch:40)
=================================================
Extracting rgb features with denoising...
Extracted rgb features shape: torch.Size([16946, 2048])
Extracting ir features with denoising...
Extracted ir features shape: torch.Size([13975, 2048])
get match labels with confidence filter (quality priority)
Epoch 40 (quality priority, conf_thresh=0.44) - Common: 663, Specific: 5, Remain: 9
NaN batch count: 0
Successfully saved best rank1 model to ./log/saved_llcm_cssp/llcm3231/models/model_best_rank1_epoch_40.pth
Successfully saved best mAP model to ./log/saved_llcm_cssp/llcm3231/models/model_best_mAP_epoch_40.pth
Successfully saved best mINP model to ./log/saved_llcm_cssp/llcm3231/models/model_best_mINP_epoch_40.pth
=================================================
Epoch: 40;Time: 2026-03-25 19:23:26;Setting: ./log/saved_llcm_cssp/llcm3231
e_lr: 2.9999999999999997e-05
tri_loss_rgb: 0.019644352;  tri_loss_ir: 0.019645909;  
r2i_cmo_loss: 0.31593314;  i2r_cmo_loss: 0.3118943;  
r2r_id_loss: 0.18160912;  i2i_id_loss: 0.18178639;  
rgb_cross_loss: 0.03566283;  ir_cross_loss: 0.03862115;  
weak_r2c_loss: 0.022091685;  
R1:0.4900;   R10:0.7654;  R20:0.8311;  mAP:0.5493;  mINP:0.5133
                               Best_R1: 0.4900(epoch:41);    Best mAP: 0.5493(epoch:41);    Best mINP: 0.5133(epoch:41)
=================================================
Extracting rgb features with denoising...
Extracted rgb features shape: torch.Size([16946, 2048])
Extracting ir features with denoising...
Extracted ir features shape: torch.Size([13975, 2048])
get match labels with confidence filter (quality priority)
Epoch 41 (quality priority, conf_thresh=0.45) - Common: 665, Specific: 3, Remain: 10
NaN batch count: 0
Successfully saved best mINP model to ./log/saved_llcm_cssp/llcm3231/models/model_best_mINP_epoch_41.pth
=================================================
Epoch: 41;Time: 2026-03-25 19:41:20;Setting: ./log/saved_llcm_cssp/llcm3231
e_lr: 2.9999999999999997e-05
tri_loss_rgb: 0.018112868;  tri_loss_ir: 0.018085543;  
r2i_cmo_loss: 0.31095743;  i2r_cmo_loss: 0.30795503;  
r2r_id_loss: 0.17732523;  i2i_id_loss: 0.17573209;  
rgb_cross_loss: 0.035781294;  ir_cross_loss: 0.036455713;  
weak_r2c_loss: 0.018506255;  
R1:0.4896;   R10:0.7651;  R20:0.8325;  mAP:0.5491;  mINP:0.5135
                               Best_R1: 0.4900(epoch:41);    Best mAP: 0.5493(epoch:41);    Best mINP: 0.5135(epoch:42)
=================================================
Extracting rgb features with denoising...
Extracted rgb features shape: torch.Size([16946, 2048])
Extracting ir features with denoising...
Extracted ir features shape: torch.Size([13975, 2048])
get match labels with confidence filter (quality priority)
Epoch 42 (quality priority, conf_thresh=0.45) - Common: 668, Specific: 3, Remain: 6
NaN batch count: 0
=================================================
Epoch: 42;Time: 2026-03-25 19:59:15;Setting: ./log/saved_llcm_cssp/llcm3231
e_lr: 2.9999999999999997e-05
tri_loss_rgb: 0.018297534;  tri_loss_ir: 0.018157074;  
r2i_cmo_loss: 0.3074168;  i2r_cmo_loss: 0.30578086;  
r2r_id_loss: 0.17584062;  i2i_id_loss: 0.17234816;  
rgb_cross_loss: 0.035572216;  ir_cross_loss: 0.0366334;  
weak_r2c_loss: 0.010296512;  
R1:0.4855;   R10:0.7608;  R20:0.8280;  mAP:0.5451;  mINP:0.5099
                               Best_R1: 0.4900(epoch:41);    Best mAP: 0.5493(epoch:41);    Best mINP: 0.5135(epoch:42)
=================================================
Extracting rgb features with denoising...
Extracted rgb features shape: torch.Size([16946, 2048])
Extracting ir features with denoising...
Extracted ir features shape: torch.Size([13975, 2048])
get match labels with confidence filter (quality priority)
Epoch 43 (quality priority, conf_thresh=0.46) - Common: 667, Specific: 3, Remain: 6
NaN batch count: 0
Successfully saved best rank1 model to ./log/saved_llcm_cssp/llcm3231/models/model_best_rank1_epoch_43.pth
Successfully saved best mAP model to ./log/saved_llcm_cssp/llcm3231/models/model_best_mAP_epoch_43.pth
Successfully saved best mINP model to ./log/saved_llcm_cssp/llcm3231/models/model_best_mINP_epoch_43.pth
=================================================
Epoch: 43;Time: 2026-03-25 20:17:13;Setting: ./log/saved_llcm_cssp/llcm3231
e_lr: 2.9999999999999997e-05
tri_loss_rgb: 0.018337775;  tri_loss_ir: 0.018381974;  
r2i_cmo_loss: 0.30370364;  i2r_cmo_loss: 0.30244088;  
r2r_id_loss: 0.17748505;  i2i_id_loss: 0.17574634;  
rgb_cross_loss: 0.03620485;  ir_cross_loss: 0.040606514;  
weak_r2c_loss: 0.012587087;  
R1:0.4902;   R10:0.7669;  R20:0.8348;  mAP:0.5503;  mINP:0.5146
                               Best_R1: 0.4902(epoch:44);    Best mAP: 0.5503(epoch:44);    Best mINP: 0.5146(epoch:44)
=================================================
Extracting rgb features with denoising...
Extracted rgb features shape: torch.Size([16946, 2048])
Extracting ir features with denoising...
Extracted ir features shape: torch.Size([13975, 2048])
get match labels with confidence filter (quality priority)
Epoch 44 (quality priority, conf_thresh=0.46) - Common: 668, Specific: 3, Remain: 8
NaN batch count: 0
Successfully saved best rank1 model to ./log/saved_llcm_cssp/llcm3231/models/model_best_rank1_epoch_44.pth
Successfully saved best mAP model to ./log/saved_llcm_cssp/llcm3231/models/model_best_mAP_epoch_44.pth
Successfully saved best mINP model to ./log/saved_llcm_cssp/llcm3231/models/model_best_mINP_epoch_44.pth
=================================================
Epoch: 44;Time: 2026-03-25 20:35:12;Setting: ./log/saved_llcm_cssp/llcm3231
e_lr: 2.9999999999999997e-05
tri_loss_rgb: 0.018340563;  tri_loss_ir: 0.018327042;  
r2i_cmo_loss: 0.30276853;  i2r_cmo_loss: 0.30290312;  
r2r_id_loss: 0.17761537;  i2i_id_loss: 0.17243649;  
rgb_cross_loss: 0.03780269;  ir_cross_loss: 0.03750149;  
weak_r2c_loss: 0.026940634;  
R1:0.4975;   R10:0.7706;  R20:0.8360;  mAP:0.5563;  mINP:0.5202
                               Best_R1: 0.4975(epoch:45);    Best mAP: 0.5563(epoch:45);    Best mINP: 0.5202(epoch:45)
=================================================
Extracting rgb features with denoising...
Extracted rgb features shape: torch.Size([16946, 2048])
Extracting ir features with denoising...
Extracted ir features shape: torch.Size([13975, 2048])
get match labels with confidence filter (quality priority)
Epoch 45 (quality priority, conf_thresh=0.46) - Common: 666, Specific: 3, Remain: 8
NaN batch count: 0
=================================================
Epoch: 45;Time: 2026-03-25 20:53:09;Setting: ./log/saved_llcm_cssp/llcm3231
e_lr: 2.9999999999999997e-05
tri_loss_rgb: 0.01717545;  tri_loss_ir: 0.017154181;  
r2i_cmo_loss: 0.301053;  i2r_cmo_loss: 0.3001843;  
r2r_id_loss: 0.17485635;  i2i_id_loss: 0.17176306;  
rgb_cross_loss: 0.037926875;  ir_cross_loss: 0.040043168;  
weak_r2c_loss: 0.014805636;  
R1:0.4910;   R10:0.7672;  R20:0.8340;  mAP:0.5513;  mINP:0.5160
                               Best_R1: 0.4975(epoch:45);    Best mAP: 0.5563(epoch:45);    Best mINP: 0.5202(epoch:45)
=================================================
Extracting rgb features with denoising...
Extracted rgb features shape: torch.Size([16946, 2048])
Extracting ir features with denoising...
Extracted ir features shape: torch.Size([13975, 2048])
get match labels with confidence filter (quality priority)
Epoch 46 (quality priority, conf_thresh=0.47) - Common: 667, Specific: 3, Remain: 7
NaN batch count: 0
Successfully saved best mINP model to ./log/saved_llcm_cssp/llcm3231/models/model_best_mINP_epoch_46.pth
=================================================
Epoch: 46;Time: 2026-03-25 21:11:06;Setting: ./log/saved_llcm_cssp/llcm3231
e_lr: 2.9999999999999997e-05
tri_loss_rgb: 0.017119838;  tri_loss_ir: 0.017226651;  
r2i_cmo_loss: 0.29848063;  i2r_cmo_loss: 0.29864222;  
r2r_id_loss: 0.17149006;  i2i_id_loss: 0.16852367;  
rgb_cross_loss: 0.03731462;  ir_cross_loss: 0.038028013;  
weak_r2c_loss: 0.008090486;  
R1:0.4950;   R10:0.7732;  R20:0.8397;  mAP:0.5559;  mINP:0.5207
                               Best_R1: 0.4975(epoch:45);    Best mAP: 0.5563(epoch:45);    Best mINP: 0.5207(epoch:47)
=================================================
Extracting rgb features with denoising...
Extracted rgb features shape: torch.Size([16946, 2048])
Extracting ir features with denoising...
Extracted ir features shape: torch.Size([13975, 2048])
get match labels with confidence filter (quality priority)
Epoch 47 (quality priority, conf_thresh=0.47) - Common: 666, Specific: 3, Remain: 10
NaN batch count: 0
Successfully saved best rank1 model to ./log/saved_llcm_cssp/llcm3231/models/model_best_rank1_epoch_47.pth
Successfully saved best mAP model to ./log/saved_llcm_cssp/llcm3231/models/model_best_mAP_epoch_47.pth
Successfully saved best mINP model to ./log/saved_llcm_cssp/llcm3231/models/model_best_mINP_epoch_47.pth
=================================================
Epoch: 47;Time: 2026-03-25 21:29:07;Setting: ./log/saved_llcm_cssp/llcm3231
e_lr: 2.9999999999999997e-05
tri_loss_rgb: 0.015429273;  tri_loss_ir: 0.015362454;  
r2i_cmo_loss: 0.2961813;  i2r_cmo_loss: 0.2975526;  
r2r_id_loss: 0.1722651;  i2i_id_loss: 0.17209053;  
rgb_cross_loss: 0.036173616;  ir_cross_loss: 0.041412674;  
weak_r2c_loss: 0.010985803;  
R1:0.4982;   R10:0.7732;  R20:0.8402;  mAP:0.5575;  mINP:0.5216
                               Best_R1: 0.4982(epoch:48);    Best mAP: 0.5575(epoch:48);    Best mINP: 0.5216(epoch:48)
=================================================
Extracting rgb features with denoising...
Extracted rgb features shape: torch.Size([16946, 2048])
Extracting ir features with denoising...
Extracted ir features shape: torch.Size([13975, 2048])
get match labels with confidence filter (quality priority)
Epoch 48 (quality priority, conf_thresh=0.48) - Common: 670, Specific: 2, Remain: 4
NaN batch count: 0
Successfully saved best rank1 model to ./log/saved_llcm_cssp/llcm3231/models/model_best_rank1_epoch_48.pth
Successfully saved best mAP model to ./log/saved_llcm_cssp/llcm3231/models/model_best_mAP_epoch_48.pth
Successfully saved best mINP model to ./log/saved_llcm_cssp/llcm3231/models/model_best_mINP_epoch_48.pth
=================================================
Epoch: 48;Time: 2026-03-25 21:47:10;Setting: ./log/saved_llcm_cssp/llcm3231
e_lr: 2.9999999999999997e-05
tri_loss_rgb: 0.016437948;  tri_loss_ir: 0.016413666;  
r2i_cmo_loss: 0.2943518;  i2r_cmo_loss: 0.2967451;  
r2r_id_loss: 0.17026927;  i2i_id_loss: 0.16660811;  
rgb_cross_loss: 0.035576154;  ir_cross_loss: 0.038760155;  
weak_r2c_loss: 0.0130513795;  
R1:0.4997;   R10:0.7734;  R20:0.8397;  mAP:0.5607;  mINP:0.5261
                               Best_R1: 0.4997(epoch:49);    Best mAP: 0.5607(epoch:49);    Best mINP: 0.5261(epoch:49)
=================================================
Extracting rgb features with denoising...
Extracted rgb features shape: torch.Size([16946, 2048])
Extracting ir features with denoising...
Extracted ir features shape: torch.Size([13975, 2048])
get match labels with confidence filter (quality priority)
Epoch 49 (quality priority, conf_thresh=0.48) - Common: 670, Specific: 1, Remain: 7
NaN batch count: 0
=================================================
Epoch: 49;Time: 2026-03-25 22:05:09;Setting: ./log/saved_llcm_cssp/llcm3231
e_lr: 2.9999999999999997e-05
tri_loss_rgb: 0.014894913;  tri_loss_ir: 0.015011899;  
r2i_cmo_loss: 0.29221123;  i2r_cmo_loss: 0.29428065;  
r2r_id_loss: 0.16846044;  i2i_id_loss: 0.16620383;  
rgb_cross_loss: 0.035869695;  ir_cross_loss: 0.03918183;  
weak_r2c_loss: 0.012713399;  
R1:0.4975;   R10:0.7739;  R20:0.8394;  mAP:0.5575;  mINP:0.5223
                               Best_R1: 0.4997(epoch:49);    Best mAP: 0.5607(epoch:49);    Best mINP: 0.5261(epoch:49)
=================================================
Extracting rgb features with denoising...
Extracted rgb features shape: torch.Size([16946, 2048])
Extracting ir features with denoising...
Extracted ir features shape: torch.Size([13975, 2048])
get match labels with confidence filter (quality priority)
Epoch 50 (quality priority, conf_thresh=0.49) - Common: 668, Specific: 2, Remain: 7
NaN batch count: 0
=================================================
Epoch: 50;Time: 2026-03-25 22:23:06;Setting: ./log/saved_llcm_cssp/llcm3231
e_lr: 2.9999999999999997e-05
tri_loss_rgb: 0.016491523;  tri_loss_ir: 0.016609905;  
r2i_cmo_loss: 0.2917907;  i2r_cmo_loss: 0.2922764;  
r2r_id_loss: 0.17162986;  i2i_id_loss: 0.16410652;  
rgb_cross_loss: 0.036700923;  ir_cross_loss: 0.03913969;  
weak_r2c_loss: 0.012441357;  
R1:0.4957;   R10:0.7764;  R20:0.8424;  mAP:0.5576;  mINP:0.5229
                               Best_R1: 0.4997(epoch:49);    Best mAP: 0.5607(epoch:49);    Best mINP: 0.5261(epoch:49)
=================================================
Extracting rgb features with denoising...
Extracted rgb features shape: torch.Size([16946, 2048])
Extracting ir features with denoising...
Extracted ir features shape: torch.Size([13975, 2048])
get match labels with confidence filter (quality priority)
Epoch 51 (quality priority, conf_thresh=0.49) - Common: 670, Specific: 2, Remain: 6
NaN batch count: 0
=================================================
Epoch: 51;Time: 2026-03-25 22:41:03;Setting: ./log/saved_llcm_cssp/llcm3231
e_lr: 2.9999999999999997e-05
tri_loss_rgb: 0.016845666;  tri_loss_ir: 0.017193161;  
r2i_cmo_loss: 0.2905792;  i2r_cmo_loss: 0.29243624;  
r2r_id_loss: 0.16852044;  i2i_id_loss: 0.16995364;  
rgb_cross_loss: 0.036462907;  ir_cross_loss: 0.04207342;  
weak_r2c_loss: 0.016983848;  
R1:0.4926;   R10:0.7698;  R20:0.8361;  mAP:0.5534;  mINP:0.5181
                               Best_R1: 0.4997(epoch:49);    Best mAP: 0.5607(epoch:49);    Best mINP: 0.5261(epoch:49)
=================================================
Extracting rgb features with denoising...
Extracted rgb features shape: torch.Size([16946, 2048])
Extracting ir features with denoising...
Extracted ir features shape: torch.Size([13975, 2048])
get match labels with confidence filter (quality priority)
Epoch 52 (quality priority, conf_thresh=0.49) - Common: 669, Specific: 2, Remain: 6
NaN batch count: 0
=================================================
Epoch: 52;Time: 2026-03-25 22:58:59;Setting: ./log/saved_llcm_cssp/llcm3231
e_lr: 2.9999999999999997e-05
tri_loss_rgb: 0.014693481;  tri_loss_ir: 0.014409504;  
r2i_cmo_loss: 0.2885869;  i2r_cmo_loss: 0.28987664;  
r2r_id_loss: 0.16400288;  i2i_id_loss: 0.16231218;  
rgb_cross_loss: 0.03504189;  ir_cross_loss: 0.038908705;  
weak_r2c_loss: 0.013331013;  
R1:0.4962;   R10:0.7715;  R20:0.8355;  mAP:0.5567;  mINP:0.5215
                               Best_R1: 0.4997(epoch:49);    Best mAP: 0.5607(epoch:49);    Best mINP: 0.5261(epoch:49)
=================================================
Extracting rgb features with denoising...
Extracted rgb features shape: torch.Size([16946, 2048])
Extracting ir features with denoising...
Extracted ir features shape: torch.Size([13975, 2048])
get match labels with confidence filter (quality priority)
Epoch 53 (quality priority, conf_thresh=0.50) - Common: 671, Specific: 1, Remain: 6
NaN batch count: 0
=================================================
Epoch: 53;Time: 2026-03-25 23:16:55;Setting: ./log/saved_llcm_cssp/llcm3231
e_lr: 2.9999999999999997e-05
tri_loss_rgb: 0.014805604;  tri_loss_ir: 0.015015514;  
r2i_cmo_loss: 0.28667524;  i2r_cmo_loss: 0.28805932;  
r2r_id_loss: 0.1658656;  i2i_id_loss: 0.16154316;  
rgb_cross_loss: 0.035007134;  ir_cross_loss: 0.037882283;  
weak_r2c_loss: 0.017294897;  
R1:0.4980;   R10:0.7722;  R20:0.8377;  mAP:0.5576;  mINP:0.5223
                               Best_R1: 0.4997(epoch:49);    Best mAP: 0.5607(epoch:49);    Best mINP: 0.5261(epoch:49)
=================================================
Extracting rgb features with denoising...
Extracted rgb features shape: torch.Size([16946, 2048])
Extracting ir features with denoising...
Extracted ir features shape: torch.Size([13975, 2048])
get match labels with confidence filter (quality priority)
Epoch 54 (quality priority, conf_thresh=0.50) - Common: 670, Specific: 1, Remain: 7
NaN batch count: 0
=================================================
Epoch: 54;Time: 2026-03-25 23:34:51;Setting: ./log/saved_llcm_cssp/llcm3231
e_lr: 2.9999999999999997e-05
tri_loss_rgb: 0.014425489;  tri_loss_ir: 0.014493949;  
r2i_cmo_loss: 0.28538263;  i2r_cmo_loss: 0.2856194;  
r2r_id_loss: 0.16478994;  i2i_id_loss: 0.16090195;  
rgb_cross_loss: 0.03423739;  ir_cross_loss: 0.03833272;  
weak_r2c_loss: 0.0081762355;  
R1:0.4970;   R10:0.7736;  R20:0.8392;  mAP:0.5574;  mINP:0.5217
                               Best_R1: 0.4997(epoch:49);    Best mAP: 0.5607(epoch:49);    Best mINP: 0.5261(epoch:49)
=================================================
Extracting rgb features with denoising...
Extracted rgb features shape: torch.Size([16946, 2048])
Extracting ir features with denoising...
Extracted ir features shape: torch.Size([13975, 2048])
get match labels with confidence filter (quality priority)
Epoch 55 (quality priority, conf_thresh=0.51) - Common: 669, Specific: 1, Remain: 8
NaN batch count: 0
Successfully saved best rank1 model to ./log/saved_llcm_cssp/llcm3231/models/model_best_rank1_epoch_55.pth
Successfully saved best mAP model to ./log/saved_llcm_cssp/llcm3231/models/model_best_mAP_epoch_55.pth
Successfully saved best mINP model to ./log/saved_llcm_cssp/llcm3231/models/model_best_mINP_epoch_55.pth
=================================================
Epoch: 55;Time: 2026-03-25 23:52:50;Setting: ./log/saved_llcm_cssp/llcm3231
e_lr: 2.9999999999999997e-05
tri_loss_rgb: 0.014047286;  tri_loss_ir: 0.014006707;  
r2i_cmo_loss: 0.28435436;  i2r_cmo_loss: 0.2860411;  
r2r_id_loss: 0.16587988;  i2i_id_loss: 0.16184717;  
rgb_cross_loss: 0.037016347;  ir_cross_loss: 0.037545364;  
weak_r2c_loss: 0.020354863;  
R1:0.5010;   R10:0.7773;  R20:0.8404;  mAP:0.5618;  mINP:0.5270
                               Best_R1: 0.5010(epoch:56);    Best mAP: 0.5618(epoch:56);    Best mINP: 0.5270(epoch:56)
=================================================
Extracting rgb features with denoising...
Extracted rgb features shape: torch.Size([16946, 2048])
Extracting ir features with denoising...
Extracted ir features shape: torch.Size([13975, 2048])
get match labels with confidence filter (quality priority)
Epoch 56 (quality priority, conf_thresh=0.51) - Common: 669, Specific: 2, Remain: 6
NaN batch count: 0
=================================================
Epoch: 56;Time: 2026-03-26 00:10:46;Setting: ./log/saved_llcm_cssp/llcm3231
e_lr: 2.9999999999999997e-05
tri_loss_rgb: 0.013488901;  tri_loss_ir: 0.013414253;  
r2i_cmo_loss: 0.28271353;  i2r_cmo_loss: 0.28320464;  
r2r_id_loss: 0.16368468;  i2i_id_loss: 0.1585887;  
rgb_cross_loss: 0.036529057;  ir_cross_loss: 0.037637718;  
weak_r2c_loss: 0.02104095;  
R1:0.4938;   R10:0.7705;  R20:0.8350;  mAP:0.5536;  mINP:0.5174
                               Best_R1: 0.5010(epoch:56);    Best mAP: 0.5618(epoch:56);    Best mINP: 0.5270(epoch:56)
=================================================
Extracting rgb features with denoising...
Extracted rgb features shape: torch.Size([16946, 2048])
Extracting ir features with denoising...
Extracted ir features shape: torch.Size([13975, 2048])
get match labels with confidence filter (quality priority)
Epoch 57 (quality priority, conf_thresh=0.52) - Common: 672, Specific: 0, Remain: 4
NaN batch count: 0
=================================================
Epoch: 57;Time: 2026-03-26 00:28:42;Setting: ./log/saved_llcm_cssp/llcm3231
e_lr: 2.9999999999999997e-05
tri_loss_rgb: 0.013846799;  tri_loss_ir: 0.01397321;  
r2i_cmo_loss: 0.28062513;  i2r_cmo_loss: 0.2832732;  
r2r_id_loss: 0.16419975;  i2i_id_loss: 0.1595413;  
rgb_cross_loss: 0.035130143;  ir_cross_loss: 0.03744997;  
weak_r2c_loss: 0.007070139;  
R1:0.5004;   R10:0.7743;  R20:0.8394;  mAP:0.5602;  mINP:0.5249
                               Best_R1: 0.5010(epoch:56);    Best mAP: 0.5618(epoch:56);    Best mINP: 0.5270(epoch:56)
=================================================
Extracting rgb features with denoising...
Extracted rgb features shape: torch.Size([16946, 2048])
Extracting ir features with denoising...
Extracted ir features shape: torch.Size([13975, 2048])
get match labels with confidence filter (quality priority)
Epoch 58 (quality priority, conf_thresh=0.52) - Common: 672, Specific: 0, Remain: 5
NaN batch count: 0
=================================================
Epoch: 58;Time: 2026-03-26 00:46:37;Setting: ./log/saved_llcm_cssp/llcm3231
e_lr: 2.9999999999999997e-05
tri_loss_rgb: 0.013337122;  tri_loss_ir: 0.013493612;  
r2i_cmo_loss: 0.28215262;  i2r_cmo_loss: 0.2837908;  
r2r_id_loss: 0.16094969;  i2i_id_loss: 0.15966581;  
rgb_cross_loss: 0.034171;  ir_cross_loss: 0.037797198;  
weak_r2c_loss: 0.007607397;  
R1:0.4974;   R10:0.7716;  R20:0.8391;  mAP:0.5581;  mINP:0.5234
                               Best_R1: 0.5010(epoch:56);    Best mAP: 0.5618(epoch:56);    Best mINP: 0.5270(epoch:56)
=================================================
Extracting rgb features with denoising...
Extracted rgb features shape: torch.Size([16946, 2048])
Extracting ir features with denoising...
Extracted ir features shape: torch.Size([13975, 2048])
get match labels with confidence filter (quality priority)
Epoch 59 (quality priority, conf_thresh=0.52) - Common: 670, Specific: 0, Remain: 9
NaN batch count: 0
Successfully saved best rank1 model to ./log/saved_llcm_cssp/llcm3231/models/model_best_rank1_epoch_59.pth
Successfully saved best mAP model to ./log/saved_llcm_cssp/llcm3231/models/model_best_mAP_epoch_59.pth
Successfully saved best mINP model to ./log/saved_llcm_cssp/llcm3231/models/model_best_mINP_epoch_59.pth
=================================================
Epoch: 59;Time: 2026-03-26 01:04:35;Setting: ./log/saved_llcm_cssp/llcm3231
e_lr: 2.9999999999999997e-05
tri_loss_rgb: 0.013274029;  tri_loss_ir: 0.013382598;  
r2i_cmo_loss: 0.27904445;  i2r_cmo_loss: 0.28295085;  
r2r_id_loss: 0.16302872;  i2i_id_loss: 0.1595339;  
rgb_cross_loss: 0.03395099;  ir_cross_loss: 0.039424796;  
weak_r2c_loss: 0.012422053;  
R1:0.5033;   R10:0.7764;  R20:0.8432;  mAP:0.5636;  mINP:0.5281
                               Best_R1: 0.5033(epoch:60);    Best mAP: 0.5636(epoch:60);    Best mINP: 0.5281(epoch:60)
=================================================
Extracting rgb features with denoising...
Extracted rgb features shape: torch.Size([16946, 2048])
Extracting ir features with denoising...
Extracted ir features shape: torch.Size([13975, 2048])
get match labels with confidence filter (quality priority)
Epoch 60 (quality priority, conf_thresh=0.53) - Common: 671, Specific: 0, Remain: 6
NaN batch count: 0
=================================================
Epoch: 60;Time: 2026-03-26 01:22:31;Setting: ./log/saved_llcm_cssp/llcm3231
e_lr: 2.9999999999999997e-05
tri_loss_rgb: 0.013786428;  tri_loss_ir: 0.013912161;  
r2i_cmo_loss: 0.27964637;  i2r_cmo_loss: 0.28043607;  
r2r_id_loss: 0.16059583;  i2i_id_loss: 0.1596862;  
rgb_cross_loss: 0.033455648;  ir_cross_loss: 0.039399344;  
weak_r2c_loss: 0.0063028177;  
R1:0.4975;   R10:0.7718;  R20:0.8365;  mAP:0.5580;  mINP:0.5230
                               Best_R1: 0.5033(epoch:60);    Best mAP: 0.5636(epoch:60);    Best mINP: 0.5281(epoch:60)
=================================================
Extracting rgb features with denoising...
Extracted rgb features shape: torch.Size([16946, 2048])
Extracting ir features with denoising...
Extracted ir features shape: torch.Size([13975, 2048])
get match labels with confidence filter (quality priority)
Epoch 61 (quality priority, conf_thresh=0.53) - Common: 669, Specific: 0, Remain: 11
NaN batch count: 0
=================================================
Epoch: 61;Time: 2026-03-26 01:40:26;Setting: ./log/saved_llcm_cssp/llcm3231
e_lr: 2.9999999999999997e-05
tri_loss_rgb: 0.012379979;  tri_loss_ir: 0.012475179;  
r2i_cmo_loss: 0.27666792;  i2r_cmo_loss: 0.28027353;  
r2r_id_loss: 0.15819718;  i2i_id_loss: 0.15380983;  
rgb_cross_loss: 0.03335926;  ir_cross_loss: 0.03752297;  
weak_r2c_loss: 0.0130271185;  
R1:0.4951;   R10:0.7721;  R20:0.8370;  mAP:0.5563;  mINP:0.5216
                               Best_R1: 0.5033(epoch:60);    Best mAP: 0.5636(epoch:60);    Best mINP: 0.5281(epoch:60)
=================================================
Extracting rgb features with denoising...
Extracted rgb features shape: torch.Size([16946, 2048])
Extracting ir features with denoising...
Extracted ir features shape: torch.Size([13975, 2048])
get match labels with confidence filter (quality priority)
Epoch 62 (quality priority, conf_thresh=0.54) - Common: 671, Specific: 0, Remain: 8
NaN batch count: 0
=================================================
Epoch: 62;Time: 2026-03-26 01:58:24;Setting: ./log/saved_llcm_cssp/llcm3231
e_lr: 2.9999999999999997e-05
tri_loss_rgb: 0.012623615;  tri_loss_ir: 0.012906369;  
r2i_cmo_loss: 0.27729368;  i2r_cmo_loss: 0.27753997;  
r2r_id_loss: 0.16025323;  i2i_id_loss: 0.1546581;  
rgb_cross_loss: 0.03457282;  ir_cross_loss: 0.03635454;  
weak_r2c_loss: 0.012136053;  
R1:0.4980;   R10:0.7748;  R20:0.8413;  mAP:0.5586;  mINP:0.5232
                               Best_R1: 0.5033(epoch:60);    Best mAP: 0.5636(epoch:60);    Best mINP: 0.5281(epoch:60)
=================================================
Extracting rgb features with denoising...
Extracted rgb features shape: torch.Size([16946, 2048])
Extracting ir features with denoising...
Extracted ir features shape: torch.Size([13975, 2048])
get match labels with confidence filter (quality priority)
Epoch 63 (quality priority, conf_thresh=0.54) - Common: 672, Specific: 0, Remain: 5
NaN batch count: 0
=================================================
Epoch: 63;Time: 2026-03-26 02:16:22;Setting: ./log/saved_llcm_cssp/llcm3231
e_lr: 2.9999999999999997e-05
tri_loss_rgb: 0.011367997;  tri_loss_ir: 0.011430025;  
r2i_cmo_loss: 0.27345717;  i2r_cmo_loss: 0.27677837;  
r2r_id_loss: 0.15566325;  i2i_id_loss: 0.1498688;  
rgb_cross_loss: 0.033128675;  ir_cross_loss: 0.036137767;  
weak_r2c_loss: 0.02102726;  
R1:0.5003;   R10:0.7778;  R20:0.8449;  mAP:0.5613;  mINP:0.5260
                               Best_R1: 0.5033(epoch:60);    Best mAP: 0.5636(epoch:60);    Best mINP: 0.5281(epoch:60)
=================================================
Extracting rgb features with denoising...
Extracted rgb features shape: torch.Size([16946, 2048])
Extracting ir features with denoising...
Extracted ir features shape: torch.Size([13975, 2048])
get match labels with confidence filter (quality priority)
Epoch 64 (quality priority, conf_thresh=0.55) - Common: 671, Specific: 0, Remain: 8
NaN batch count: 0
=================================================
Epoch: 64;Time: 2026-03-26 02:34:17;Setting: ./log/saved_llcm_cssp/llcm3231
e_lr: 2.9999999999999997e-05
tri_loss_rgb: 0.012858491;  tri_loss_ir: 0.012900379;  
r2i_cmo_loss: 0.27225646;  i2r_cmo_loss: 0.27571312;  
r2r_id_loss: 0.15853691;  i2i_id_loss: 0.15677917;  
rgb_cross_loss: 0.032978944;  ir_cross_loss: 0.036894437;  
weak_r2c_loss: 0.021337721;  
R1:0.4963;   R10:0.7726;  R20:0.8387;  mAP:0.5563;  mINP:0.5208
                               Best_R1: 0.5033(epoch:60);    Best mAP: 0.5636(epoch:60);    Best mINP: 0.5281(epoch:60)
=================================================
Extracting rgb features with denoising...
Extracted rgb features shape: torch.Size([16946, 2048])
Extracting ir features with denoising...
Extracted ir features shape: torch.Size([13975, 2048])
get match labels with confidence filter (quality priority)
Epoch 65 (quality priority, conf_thresh=0.55) - Common: 670, Specific: 0, Remain: 9
NaN batch count: 0
=================================================
Epoch: 65;Time: 2026-03-26 02:52:13;Setting: ./log/saved_llcm_cssp/llcm3231
e_lr: 2.9999999999999997e-05
tri_loss_rgb: 0.011936936;  tri_loss_ir: 0.012094601;  
r2i_cmo_loss: 0.2714384;  i2r_cmo_loss: 0.2747801;  
r2r_id_loss: 0.15556148;  i2i_id_loss: 0.1550449;  
rgb_cross_loss: 0.03268506;  ir_cross_loss: 0.038151853;  
weak_r2c_loss: 0.015093765;  
R1:0.5021;   R10:0.7713;  R20:0.8375;  mAP:0.5607;  mINP:0.5248
                               Best_R1: 0.5033(epoch:60);    Best mAP: 0.5636(epoch:60);    Best mINP: 0.5281(epoch:60)
=================================================
Extracting rgb features with denoising...
Extracted rgb features shape: torch.Size([16946, 2048])
Extracting ir features with denoising...
Extracted ir features shape: torch.Size([13975, 2048])
get match labels with confidence filter (quality priority)
Epoch 66 (quality priority, conf_thresh=0.55) - Common: 671, Specific: 0, Remain: 6
NaN batch count: 0
=================================================
Epoch: 66;Time: 2026-03-26 03:10:09;Setting: ./log/saved_llcm_cssp/llcm3231
e_lr: 2.9999999999999997e-05
tri_loss_rgb: 0.012021304;  tri_loss_ir: 0.01207432;  
r2i_cmo_loss: 0.27076602;  i2r_cmo_loss: 0.27396968;  
r2r_id_loss: 0.15594573;  i2i_id_loss: 0.15336712;  
rgb_cross_loss: 0.032766957;  ir_cross_loss: 0.037524566;  
weak_r2c_loss: 0.0066465167;  
R1:0.5018;   R10:0.7733;  R20:0.8395;  mAP:0.5615;  mINP:0.5267
                               Best_R1: 0.5033(epoch:60);    Best mAP: 0.5636(epoch:60);    Best mINP: 0.5281(epoch:60)
=================================================
Extracting rgb features with denoising...
Extracted rgb features shape: torch.Size([16946, 2048])
Extracting ir features with denoising...
Extracted ir features shape: torch.Size([13975, 2048])
get match labels with confidence filter (quality priority)
Epoch 67 (quality priority, conf_thresh=0.56) - Common: 672, Specific: 0, Remain: 4
NaN batch count: 0
Successfully saved best rank1 model to ./log/saved_llcm_cssp/llcm3231/models/model_best_rank1_epoch_67.pth
Successfully saved best mINP model to ./log/saved_llcm_cssp/llcm3231/models/model_best_mINP_epoch_67.pth
=================================================
Epoch: 67;Time: 2026-03-26 03:28:07;Setting: ./log/saved_llcm_cssp/llcm3231
e_lr: 2.9999999999999997e-05
tri_loss_rgb: 0.01161606;  tri_loss_ir: 0.011836903;  
r2i_cmo_loss: 0.27123532;  i2r_cmo_loss: 0.27269888;  
r2r_id_loss: 0.15818165;  i2i_id_loss: 0.1501121;  
rgb_cross_loss: 0.033722688;  ir_cross_loss: 0.035230216;  
weak_r2c_loss: 0.005636798;  
R1:0.5035;   R10:0.7752;  R20:0.8399;  mAP:0.5634;  mINP:0.5285
                               Best_R1: 0.5035(epoch:68);    Best mAP: 0.5636(epoch:60);    Best mINP: 0.5285(epoch:68)
=================================================
Extracting rgb features with denoising...
Extracted rgb features shape: torch.Size([16946, 2048])
Extracting ir features with denoising...
Extracted ir features shape: torch.Size([13975, 2048])
get match labels with confidence filter (quality priority)
Epoch 68 (quality priority, conf_thresh=0.56) - Common: 672, Specific: 0, Remain: 5
NaN batch count: 0
Successfully saved best rank1 model to ./log/saved_llcm_cssp/llcm3231/models/model_best_rank1_epoch_68.pth
Successfully saved best mAP model to ./log/saved_llcm_cssp/llcm3231/models/model_best_mAP_epoch_68.pth
=================================================
Epoch: 68;Time: 2026-03-26 03:46:05;Setting: ./log/saved_llcm_cssp/llcm3231
e_lr: 2.9999999999999997e-05
tri_loss_rgb: 0.01120695;  tri_loss_ir: 0.011385924;  
r2i_cmo_loss: 0.26763257;  i2r_cmo_loss: 0.27293292;  
r2r_id_loss: 0.15678088;  i2i_id_loss: 0.15423563;  
rgb_cross_loss: 0.034463357;  ir_cross_loss: 0.0374627;  
weak_r2c_loss: 0.011531082;  
R1:0.5054;   R10:0.7767;  R20:0.8424;  mAP:0.5637;  mINP:0.5279
                               Best_R1: 0.5054(epoch:69);    Best mAP: 0.5637(epoch:69);    Best mINP: 0.5285(epoch:68)
=================================================
Extracting rgb features with denoising...
Extracted rgb features shape: torch.Size([16946, 2048])
Extracting ir features with denoising...
Extracted ir features shape: torch.Size([13975, 2048])
get match labels with confidence filter (quality priority)
Epoch 69 (quality priority, conf_thresh=0.57) - Common: 671, Specific: 0, Remain: 7
NaN batch count: 0
=================================================
Epoch: 69;Time: 2026-03-26 04:04:00;Setting: ./log/saved_llcm_cssp/llcm3231
e_lr: 2.9999999999999997e-05
tri_loss_rgb: 0.011127043;  tri_loss_ir: 0.011454646;  
r2i_cmo_loss: 0.26820147;  i2r_cmo_loss: 0.26970056;  
weak_r2c_loss: 0.010126516;  r2r_id_loss: 0.15359774;  
i2i_id_loss: 0.14779668;  rgb_cross_loss: 0.031899672;  
ir_cross_loss: 0.035907816;  
R1:0.5009;   R10:0.7749;  R20:0.8425;  mAP:0.5617;  mINP:0.5268
                               Best_R1: 0.5054(epoch:69);    Best mAP: 0.5637(epoch:69);    Best mINP: 0.5285(epoch:68)
=================================================
Extracting rgb features with denoising...
Extracted rgb features shape: torch.Size([16946, 2048])
Extracting ir features with denoising...
Extracted ir features shape: torch.Size([13975, 2048])
get match labels with confidence filter (quality priority)
Epoch 70 (quality priority, conf_thresh=0.40) - Common: 670, Specific: 0, Remain: 14
NaN batch count: 0
=================================================
Epoch: 70;Time: 2026-03-26 04:21:54;Setting: ./log/saved_llcm_cssp/llcm3231
e_lr: 3.0000000000000005e-06
tri_loss_rgb: 0.009847605;  tri_loss_ir: 0.0100147305;  
r2i_cmo_loss: 0.26576006;  i2r_cmo_loss: 0.26674923;  
weak_r2c_loss: 0.024606336;  r2r_id_loss: 0.14673631;  
i2i_id_loss: 0.1393519;  rgb_cross_loss: 0.029996347;  
ir_cross_loss: 0.03153116;  
R1:0.5015;   R10:0.7777;  R20:0.8436;  mAP:0.5626;  mINP:0.5278
                               Best_R1: 0.5054(epoch:69);    Best mAP: 0.5637(epoch:69);    Best mINP: 0.5285(epoch:68)
=================================================
Extracting rgb features with denoising...
Extracted rgb features shape: torch.Size([16946, 2048])
Extracting ir features with denoising...
Extracted ir features shape: torch.Size([13975, 2048])
get match labels with confidence filter (quality priority)
Epoch 71 (quality priority, conf_thresh=0.40) - Common: 669, Specific: 0, Remain: 14
NaN batch count: 0
Successfully saved best mAP model to ./log/saved_llcm_cssp/llcm3231/models/model_best_mAP_epoch_71.pth
Successfully saved best mINP model to ./log/saved_llcm_cssp/llcm3231/models/model_best_mINP_epoch_71.pth
=================================================
Epoch: 71;Time: 2026-03-26 04:39:48;Setting: ./log/saved_llcm_cssp/llcm3231
e_lr: 3.0000000000000005e-06
tri_loss_rgb: 0.010521093;  tri_loss_ir: 0.010514013;  
r2i_cmo_loss: 0.26367515;  i2r_cmo_loss: 0.26850146;  
r2r_id_loss: 0.14224905;  i2i_id_loss: 0.1410022;  
rgb_cross_loss: 0.028526615;  ir_cross_loss: 0.033067703;  
weak_r2c_loss: 0.015734438;  
R1:0.5052;   R10:0.7810;  R20:0.8462;  mAP:0.5662;  mINP:0.5309
                               Best_R1: 0.5054(epoch:69);    Best mAP: 0.5662(epoch:72);    Best mINP: 0.5309(epoch:72)
=================================================
Extracting rgb features with denoising...
Extracted rgb features shape: torch.Size([16946, 2048])
Extracting ir features with denoising...
Extracted ir features shape: torch.Size([13975, 2048])
get match labels with confidence filter (quality priority)
Epoch 72 (quality priority, conf_thresh=0.41) - Common: 668, Specific: 0, Remain: 16
NaN batch count: 0
Successfully saved best rank1 model to ./log/saved_llcm_cssp/llcm3231/models/model_best_rank1_epoch_72.pth
Successfully saved best mAP model to ./log/saved_llcm_cssp/llcm3231/models/model_best_mAP_epoch_72.pth
Successfully saved best mINP model to ./log/saved_llcm_cssp/llcm3231/models/model_best_mINP_epoch_72.pth
=================================================
Epoch: 72;Time: 2026-03-26 04:57:42;Setting: ./log/saved_llcm_cssp/llcm3231
e_lr: 3.0000000000000005e-06
tri_loss_rgb: 0.010048425;  tri_loss_ir: 0.010267311;  
r2i_cmo_loss: 0.26332554;  i2r_cmo_loss: 0.26401207;  
weak_r2c_loss: 0.01795712;  r2r_id_loss: 0.14029323;  
i2i_id_loss: 0.13275698;  rgb_cross_loss: 0.027756132;  
ir_cross_loss: 0.02950719;  
R1:0.5065;   R10:0.7813;  R20:0.8456;  mAP:0.5674;  mINP:0.5321
                               Best_R1: 0.5065(epoch:73);    Best mAP: 0.5674(epoch:73);    Best mINP: 0.5321(epoch:73)
=================================================
Extracting rgb features with denoising...
Extracted rgb features shape: torch.Size([16946, 2048])
Extracting ir features with denoising...
Extracted ir features shape: torch.Size([13975, 2048])
get match labels with confidence filter (quality priority)
Epoch 73 (quality priority, conf_thresh=0.41) - Common: 670, Specific: 0, Remain: 14
NaN batch count: 0
Successfully saved best rank1 model to ./log/saved_llcm_cssp/llcm3231/models/model_best_rank1_epoch_73.pth
Successfully saved best mAP model to ./log/saved_llcm_cssp/llcm3231/models/model_best_mAP_epoch_73.pth
Successfully saved best mINP model to ./log/saved_llcm_cssp/llcm3231/models/model_best_mINP_epoch_73.pth
=================================================
Epoch: 73;Time: 2026-03-26 05:15:36;Setting: ./log/saved_llcm_cssp/llcm3231
e_lr: 3.0000000000000005e-06
tri_loss_rgb: 0.009971749;  tri_loss_ir: 0.009997662;  
r2i_cmo_loss: 0.2607373;  i2r_cmo_loss: 0.26414463;  
r2r_id_loss: 0.13716882;  i2i_id_loss: 0.13411595;  
rgb_cross_loss: 0.027524354;  ir_cross_loss: 0.029558994;  
weak_r2c_loss: 0.018881164;  
R1:0.5074;   R10:0.7805;  R20:0.8453;  mAP:0.5677;  mINP:0.5325
                               Best_R1: 0.5074(epoch:74);    Best mAP: 0.5677(epoch:74);    Best mINP: 0.5325(epoch:74)
=================================================
Extracting rgb features with denoising...
Extracted rgb features shape: torch.Size([16946, 2048])
Extracting ir features with denoising...
Extracted ir features shape: torch.Size([13975, 2048])
get match labels with confidence filter (quality priority)
Epoch 74 (quality priority, conf_thresh=0.42) - Common: 669, Specific: 0, Remain: 17
NaN batch count: 0
Successfully saved best rank1 model to ./log/saved_llcm_cssp/llcm3231/models/model_best_rank1_epoch_74.pth
Successfully saved best mAP model to ./log/saved_llcm_cssp/llcm3231/models/model_best_mAP_epoch_74.pth
Successfully saved best mINP model to ./log/saved_llcm_cssp/llcm3231/models/model_best_mINP_epoch_74.pth
=================================================
Epoch: 74;Time: 2026-03-26 05:33:29;Setting: ./log/saved_llcm_cssp/llcm3231
e_lr: 3.0000000000000005e-06
tri_loss_rgb: 0.010068323;  tri_loss_ir: 0.010126036;  
r2i_cmo_loss: 0.261616;  i2r_cmo_loss: 0.26169696;  
r2r_id_loss: 0.1363726;  i2i_id_loss: 0.12971056;  
rgb_cross_loss: 0.026603878;  ir_cross_loss: 0.029200844;  
weak_r2c_loss: 0.015950765;  
R1:0.5114;   R10:0.7855;  R20:0.8501;  mAP:0.5723;  mINP:0.5374
                               Best_R1: 0.5114(epoch:75);    Best mAP: 0.5723(epoch:75);    Best mINP: 0.5374(epoch:75)
=================================================
Extracting rgb features with denoising...
Extracted rgb features shape: torch.Size([16946, 2048])
Extracting ir features with denoising...
Extracted ir features shape: torch.Size([13975, 2048])
get match labels with confidence filter (quality priority)
Epoch 75 (quality priority, conf_thresh=0.42) - Common: 669, Specific: 0, Remain: 15
NaN batch count: 0
=================================================
Epoch: 75;Time: 2026-03-26 05:51:19;Setting: ./log/saved_llcm_cssp/llcm3231
e_lr: 3.0000000000000005e-06
tri_loss_rgb: 0.010322479;  tri_loss_ir: 0.010293994;  
r2i_cmo_loss: 0.259313;  i2r_cmo_loss: 0.26150823;  
r2r_id_loss: 0.13461897;  i2i_id_loss: 0.12965013;  
rgb_cross_loss: 0.025831217;  ir_cross_loss: 0.02789621;  
weak_r2c_loss: 0.014610377;  
R1:0.5083;   R10:0.7814;  R20:0.8464;  mAP:0.5691;  mINP:0.5347
                               Best_R1: 0.5114(epoch:75);    Best mAP: 0.5723(epoch:75);    Best mINP: 0.5374(epoch:75)
=================================================
Extracting rgb features with denoising...
Extracted rgb features shape: torch.Size([16946, 2048])
Extracting ir features with denoising...
Extracted ir features shape: torch.Size([13975, 2048])
get match labels with confidence filter (quality priority)
Epoch 76 (quality priority, conf_thresh=0.42) - Common: 669, Specific: 0, Remain: 15
NaN batch count: 0
=================================================
Epoch: 76;Time: 2026-03-26 06:09:11;Setting: ./log/saved_llcm_cssp/llcm3231
e_lr: 3.0000000000000005e-06
tri_loss_rgb: 0.010088328;  tri_loss_ir: 0.010193033;  
r2i_cmo_loss: 0.25737157;  i2r_cmo_loss: 0.26037765;  
r2r_id_loss: 0.13537052;  i2i_id_loss: 0.13162357;  
rgb_cross_loss: 0.026160026;  ir_cross_loss: 0.028378261;  
weak_r2c_loss: 0.016299644;  
R1:0.5080;   R10:0.7821;  R20:0.8471;  mAP:0.5693;  mINP:0.5349
                               Best_R1: 0.5114(epoch:75);    Best mAP: 0.5723(epoch:75);    Best mINP: 0.5374(epoch:75)
=================================================
Extracting rgb features with denoising...
Extracted rgb features shape: torch.Size([16946, 2048])
Extracting ir features with denoising...
Extracted ir features shape: torch.Size([13975, 2048])
get match labels with confidence filter (quality priority)
Epoch 77 (quality priority, conf_thresh=0.43) - Common: 669, Specific: 0, Remain: 13
NaN batch count: 0
=================================================
Epoch: 77;Time: 2026-03-26 06:27:05;Setting: ./log/saved_llcm_cssp/llcm3231
e_lr: 3.0000000000000005e-06
tri_loss_rgb: 0.009829844;  tri_loss_ir: 0.009806935;  
r2i_cmo_loss: 0.256958;  i2r_cmo_loss: 0.25934505;  
r2r_id_loss: 0.13679244;  i2i_id_loss: 0.13105594;  
rgb_cross_loss: 0.026038231;  ir_cross_loss: 0.029446654;  
weak_r2c_loss: 0.011285542;  
R1:0.5083;   R10:0.7840;  R20:0.8484;  mAP:0.5698;  mINP:0.5353
                               Best_R1: 0.5114(epoch:75);    Best mAP: 0.5723(epoch:75);    Best mINP: 0.5374(epoch:75)
=================================================
Extracting rgb features with denoising...
Extracted rgb features shape: torch.Size([16946, 2048])
Extracting ir features with denoising...
Extracted ir features shape: torch.Size([13975, 2048])
get match labels with confidence filter (quality priority)
Epoch 78 (quality priority, conf_thresh=0.43) - Common: 669, Specific: 0, Remain: 14
NaN batch count: 0
=================================================
Epoch: 78;Time: 2026-03-26 06:44:57;Setting: ./log/saved_llcm_cssp/llcm3231
e_lr: 3.0000000000000005e-06
tri_loss_rgb: 0.009404276;  tri_loss_ir: 0.009483173;  
r2i_cmo_loss: 0.2571914;  i2r_cmo_loss: 0.2592846;  
r2r_id_loss: 0.13598749;  i2i_id_loss: 0.13223544;  
rgb_cross_loss: 0.02579157;  ir_cross_loss: 0.027929032;  
weak_r2c_loss: 0.011815068;  
R1:0.5073;   R10:0.7808;  R20:0.8464;  mAP:0.5686;  mINP:0.5340
                               Best_R1: 0.5114(epoch:75);    Best mAP: 0.5723(epoch:75);    Best mINP: 0.5374(epoch:75)
=================================================
Extracting rgb features with denoising...
Extracted rgb features shape: torch.Size([16946, 2048])
Extracting ir features with denoising...
Extracted ir features shape: torch.Size([13975, 2048])
get match labels with confidence filter (quality priority)
Epoch 79 (quality priority, conf_thresh=0.43) - Common: 668, Specific: 0, Remain: 16
NaN batch count: 0
=================================================
Epoch: 79;Time: 2026-03-26 07:02:48;Setting: ./log/saved_llcm_cssp/llcm3231
e_lr: 3.0000000000000005e-06
tri_loss_rgb: 0.009711915;  tri_loss_ir: 0.009953845;  
r2i_cmo_loss: 0.25588644;  i2r_cmo_loss: 0.25874895;  
r2r_id_loss: 0.13874087;  i2i_id_loss: 0.13283177;  
rgb_cross_loss: 0.02658016;  ir_cross_loss: 0.029002357;  
weak_r2c_loss: 0.012296691;  
R1:0.5086;   R10:0.7821;  R20:0.8465;  mAP:0.5694;  mINP:0.5349
                               Best_R1: 0.5114(epoch:75);    Best mAP: 0.5723(epoch:75);    Best mINP: 0.5374(epoch:75)
=================================================
Extracting rgb features with denoising...
Extracted rgb features shape: torch.Size([16946, 2048])
Extracting ir features with denoising...
Extracted ir features shape: torch.Size([13975, 2048])
get match labels with confidence filter (quality priority)
Epoch 80 (quality priority, conf_thresh=0.44) - Common: 669, Specific: 0, Remain: 13
NaN batch count: 0
=================================================
Epoch: 80;Time: 2026-03-26 07:20:39;Setting: ./log/saved_llcm_cssp/llcm3231
e_lr: 3.0000000000000005e-06
tri_loss_rgb: 0.009843473;  tri_loss_ir: 0.009906363;  
r2i_cmo_loss: 0.25450763;  i2r_cmo_loss: 0.2566566;  
r2r_id_loss: 0.13489656;  i2i_id_loss: 0.12756556;  
rgb_cross_loss: 0.02556634;  ir_cross_loss: 0.026625179;  
weak_r2c_loss: 0.007940767;  
R1:0.5109;   R10:0.7826;  R20:0.8479;  mAP:0.5712;  mINP:0.5365
                               Best_R1: 0.5114(epoch:75);    Best mAP: 0.5723(epoch:75);    Best mINP: 0.5374(epoch:75)
=================================================
Extracting rgb features with denoising...
Extracted rgb features shape: torch.Size([16946, 2048])
Extracting ir features with denoising...
Extracted ir features shape: torch.Size([13975, 2048])
get match labels with confidence filter (quality priority)
Epoch 81 (quality priority, conf_thresh=0.44) - Common: 669, Specific: 0, Remain: 14
NaN batch count: 0
=================================================
Epoch: 81;Time: 2026-03-26 07:38:31;Setting: ./log/saved_llcm_cssp/llcm3231
e_lr: 3.0000000000000005e-06
tri_loss_rgb: 0.009904189;  tri_loss_ir: 0.010050309;  
r2i_cmo_loss: 0.2531297;  i2r_cmo_loss: 0.25623164;  
r2r_id_loss: 0.13705586;  i2i_id_loss: 0.13205107;  
rgb_cross_loss: 0.026079925;  ir_cross_loss: 0.028516881;  
weak_r2c_loss: 0.011210504;  
R1:0.5099;   R10:0.7806;  R20:0.8456;  mAP:0.5693;  mINP:0.5343
                               Best_R1: 0.5114(epoch:75);    Best mAP: 0.5723(epoch:75);    Best mINP: 0.5374(epoch:75)
=================================================
Extracting rgb features with denoising...
Extracted rgb features shape: torch.Size([16946, 2048])
Extracting ir features with denoising...
Extracted ir features shape: torch.Size([13975, 2048])
get match labels with confidence filter (quality priority)
Epoch 82 (quality priority, conf_thresh=0.45) - Common: 670, Specific: 0, Remain: 14
NaN batch count: 0
=================================================
Epoch: 82;Time: 2026-03-26 07:56:23;Setting: ./log/saved_llcm_cssp/llcm3231
e_lr: 3.0000000000000005e-06
tri_loss_rgb: 0.009580963;  tri_loss_ir: 0.01003548;  
r2i_cmo_loss: 0.2521738;  i2r_cmo_loss: 0.2547084;  
r2r_id_loss: 0.13455762;  i2i_id_loss: 0.12652397;  
rgb_cross_loss: 0.025427971;  ir_cross_loss: 0.026631482;  
weak_r2c_loss: 0.013744884;  
R1:0.5073;   R10:0.7807;  R20:0.8454;  mAP:0.5675;  mINP:0.5329
                               Best_R1: 0.5114(epoch:75);    Best mAP: 0.5723(epoch:75);    Best mINP: 0.5374(epoch:75)
=================================================
Extracting rgb features with denoising...
Extracted rgb features shape: torch.Size([16946, 2048])
Extracting ir features with denoising...
Extracted ir features shape: torch.Size([13975, 2048])
get match labels with confidence filter (quality priority)
Epoch 83 (quality priority, conf_thresh=0.45) - Common: 670, Specific: 0, Remain: 13
NaN batch count: 0
=================================================
Epoch: 83;Time: 2026-03-26 08:14:15;Setting: ./log/saved_llcm_cssp/llcm3231
e_lr: 3.0000000000000005e-06
tri_loss_rgb: 0.009197565;  tri_loss_ir: 0.00937929;  
r2i_cmo_loss: 0.25184548;  i2r_cmo_loss: 0.25386313;  
r2r_id_loss: 0.13659556;  i2i_id_loss: 0.13020891;  
rgb_cross_loss: 0.025749702;  ir_cross_loss: 0.027803918;  
weak_r2c_loss: 0.012797904;  
R1:0.5054;   R10:0.7812;  R20:0.8464;  mAP:0.5662;  mINP:0.5313
                               Best_R1: 0.5114(epoch:75);    Best mAP: 0.5723(epoch:75);    Best mINP: 0.5374(epoch:75)
=================================================
Extracting rgb features with denoising...
Extracted rgb features shape: torch.Size([16946, 2048])
Extracting ir features with denoising...
Extracted ir features shape: torch.Size([13975, 2048])
get match labels with confidence filter (quality priority)
Epoch 84 (quality priority, conf_thresh=0.45) - Common: 669, Specific: 0, Remain: 15
NaN batch count: 0
=================================================
Epoch: 84;Time: 2026-03-26 08:32:08;Setting: ./log/saved_llcm_cssp/llcm3231
e_lr: 3.0000000000000005e-06
tri_loss_rgb: 0.009272795;  tri_loss_ir: 0.009412848;  
r2i_cmo_loss: 0.2512229;  i2r_cmo_loss: 0.25175783;  
weak_r2c_loss: 0.010141137;  r2r_id_loss: 0.1382412;  
i2i_id_loss: 0.12755668;  rgb_cross_loss: 0.026142528;  
ir_cross_loss: 0.026043648;  
R1:0.5089;   R10:0.7836;  R20:0.8485;  mAP:0.5699;  mINP:0.5351
                               Best_R1: 0.5114(epoch:75);    Best mAP: 0.5723(epoch:75);    Best mINP: 0.5374(epoch:75)
=================================================
Extracting rgb features with denoising...
Extracted rgb features shape: torch.Size([16946, 2048])
Extracting ir features with denoising...
Extracted ir features shape: torch.Size([13975, 2048])
get match labels with confidence filter (quality priority)
Epoch 85 (quality priority, conf_thresh=0.46) - Common: 670, Specific: 0, Remain: 13
NaN batch count: 0
=================================================
Epoch: 85;Time: 2026-03-26 08:50:01;Setting: ./log/saved_llcm_cssp/llcm3231
e_lr: 3.0000000000000005e-06
tri_loss_rgb: 0.009255652;  tri_loss_ir: 0.009688999;  
r2i_cmo_loss: 0.25100824;  i2r_cmo_loss: 0.25352114;  
r2r_id_loss: 0.13903111;  i2i_id_loss: 0.13463536;  
rgb_cross_loss: 0.026852792;  ir_cross_loss: 0.02823796;  
weak_r2c_loss: 0.011778128;  
R1:0.5098;   R10:0.7815;  R20:0.8462;  mAP:0.5690;  mINP:0.5339
                               Best_R1: 0.5114(epoch:75);    Best mAP: 0.5723(epoch:75);    Best mINP: 0.5374(epoch:75)
=================================================
Extracting rgb features with denoising...
Extracted rgb features shape: torch.Size([16946, 2048])
Extracting ir features with denoising...
Extracted ir features shape: torch.Size([13975, 2048])
get match labels with confidence filter (quality priority)
Epoch 86 (quality priority, conf_thresh=0.46) - Common: 670, Specific: 0, Remain: 12
NaN batch count: 0
=================================================
Epoch: 86;Time: 2026-03-26 09:07:54;Setting: ./log/saved_llcm_cssp/llcm3231
e_lr: 3.0000000000000005e-06
tri_loss_rgb: 0.0091758985;  tri_loss_ir: 0.009453025;  
r2i_cmo_loss: 0.24869171;  i2r_cmo_loss: 0.25316215;  
r2r_id_loss: 0.13758005;  i2i_id_loss: 0.13154203;  
rgb_cross_loss: 0.025699351;  ir_cross_loss: 0.02790818;  
weak_r2c_loss: 0.008864117;  
R1:0.5096;   R10:0.7841;  R20:0.8484;  mAP:0.5708;  mINP:0.5363
                               Best_R1: 0.5114(epoch:75);    Best mAP: 0.5723(epoch:75);    Best mINP: 0.5374(epoch:75)
=================================================
Extracting rgb features with denoising...
Extracted rgb features shape: torch.Size([16946, 2048])
Extracting ir features with denoising...
Extracted ir features shape: torch.Size([13975, 2048])
get match labels with confidence filter (quality priority)
Epoch 87 (quality priority, conf_thresh=0.46) - Common: 669, Specific: 0, Remain: 14
NaN batch count: 0
=================================================
Epoch: 87;Time: 2026-03-26 09:25:48;Setting: ./log/saved_llcm_cssp/llcm3231
e_lr: 3.0000000000000005e-06
tri_loss_rgb: 0.009198413;  tri_loss_ir: 0.009399806;  
r2i_cmo_loss: 0.24859126;  i2r_cmo_loss: 0.251124;  
r2r_id_loss: 0.13626105;  i2i_id_loss: 0.1310923;  
rgb_cross_loss: 0.025667805;  ir_cross_loss: 0.027478034;  
weak_r2c_loss: 0.0072884173;  
R1:0.5110;   R10:0.7830;  R20:0.8485;  mAP:0.5707;  mINP:0.5357
                               Best_R1: 0.5114(epoch:75);    Best mAP: 0.5723(epoch:75);    Best mINP: 0.5374(epoch:75)
=================================================
Extracting rgb features with denoising...
Extracted rgb features shape: torch.Size([16946, 2048])
Extracting ir features with denoising...
Extracted ir features shape: torch.Size([13975, 2048])
get match labels with confidence filter (quality priority)
Epoch 88 (quality priority, conf_thresh=0.47) - Common: 669, Specific: 0, Remain: 13
NaN batch count: 0
=================================================
Epoch: 88;Time: 2026-03-26 09:43:43;Setting: ./log/saved_llcm_cssp/llcm3231
e_lr: 3.0000000000000005e-06
tri_loss_rgb: 0.009467087;  tri_loss_ir: 0.009567315;  
r2i_cmo_loss: 0.24847895;  i2r_cmo_loss: 0.2504732;  
r2r_id_loss: 0.13389336;  i2i_id_loss: 0.13328528;  
rgb_cross_loss: 0.025341243;  ir_cross_loss: 0.028364478;  
weak_r2c_loss: 0.009762351;  
R1:0.5067;   R10:0.7806;  R20:0.8452;  mAP:0.5674;  mINP:0.5326
                               Best_R1: 0.5114(epoch:75);    Best mAP: 0.5723(epoch:75);    Best mINP: 0.5374(epoch:75)
=================================================
Extracting rgb features with denoising...
Extracted rgb features shape: torch.Size([16946, 2048])
Extracting ir features with denoising...
Extracted ir features shape: torch.Size([13975, 2048])
get match labels with confidence filter (quality priority)
Epoch 89 (quality priority, conf_thresh=0.47) - Common: 670, Specific: 0, Remain: 13
NaN batch count: 0
=================================================
Epoch: 89;Time: 2026-03-26 10:01:38;Setting: ./log/saved_llcm_cssp/llcm3231
e_lr: 3.0000000000000005e-06
tri_loss_rgb: 0.009487549;  tri_loss_ir: 0.009297181;  
r2i_cmo_loss: 0.24736395;  i2r_cmo_loss: 0.24925672;  
weak_r2c_loss: 0.008053601;  r2r_id_loss: 0.13508457;  
i2i_id_loss: 0.1315293;  rgb_cross_loss: 0.02583643;  
ir_cross_loss: 0.028795071;  
R1:0.5070;   R10:0.7785;  R20:0.8432;  mAP:0.5667;  mINP:0.5319
                               Best_R1: 0.5114(epoch:75);    Best mAP: 0.5723(epoch:75);    Best mINP: 0.5374(epoch:75)
=================================================
Extracting rgb features with denoising...
Extracted rgb features shape: torch.Size([16946, 2048])
Extracting ir features with denoising...
Extracted ir features shape: torch.Size([13975, 2048])
get match labels with confidence filter (quality priority)
Epoch 90 (quality priority, conf_thresh=0.48) - Common: 669, Specific: 0, Remain: 14
NaN batch count: 0
=================================================
Epoch: 90;Time: 2026-03-26 10:19:33;Setting: ./log/saved_llcm_cssp/llcm3231
e_lr: 3.0000000000000005e-06
tri_loss_rgb: 0.009898196;  tri_loss_ir: 0.010024331;  
r2i_cmo_loss: 0.24765307;  i2r_cmo_loss: 0.25066656;  
r2r_id_loss: 0.14153652;  i2i_id_loss: 0.13301492;  
rgb_cross_loss: 0.027176294;  ir_cross_loss: 0.028081752;  
weak_r2c_loss: 0.007795653;  
R1:0.5062;   R10:0.7802;  R20:0.8455;  mAP:0.5670;  mINP:0.5325
                               Best_R1: 0.5114(epoch:75);    Best mAP: 0.5723(epoch:75);    Best mINP: 0.5374(epoch:75)
=================================================
Extracting rgb features with denoising...
Extracted rgb features shape: torch.Size([16946, 2048])
Extracting ir features with denoising...
Extracted ir features shape: torch.Size([13975, 2048])
get match labels with confidence filter (quality priority)
Epoch 91 (quality priority, conf_thresh=0.48) - Common: 670, Specific: 0, Remain: 13
NaN batch count: 0
=================================================
Epoch: 91;Time: 2026-03-26 10:37:30;Setting: ./log/saved_llcm_cssp/llcm3231
e_lr: 3.0000000000000005e-06
tri_loss_rgb: 0.009909932;  tri_loss_ir: 0.010323546;  
r2i_cmo_loss: 0.24641202;  i2r_cmo_loss: 0.24866536;  
r2r_id_loss: 0.13489209;  i2i_id_loss: 0.13052547;  
rgb_cross_loss: 0.02557741;  ir_cross_loss: 0.028014714;  
weak_r2c_loss: 0.007328575;  
R1:0.5077;   R10:0.7798;  R20:0.8444;  mAP:0.5673;  mINP:0.5323
                               Best_R1: 0.5114(epoch:75);    Best mAP: 0.5723(epoch:75);    Best mINP: 0.5374(epoch:75)
=================================================
Extracting rgb features with denoising...
Extracted rgb features shape: torch.Size([16946, 2048])
Extracting ir features with denoising...
Extracted ir features shape: torch.Size([13975, 2048])
get match labels with confidence filter (quality priority)
Epoch 92 (quality priority, conf_thresh=0.48) - Common: 668, Specific: 0, Remain: 16
NaN batch count: 0
=================================================
Epoch: 92;Time: 2026-03-26 10:55:25;Setting: ./log/saved_llcm_cssp/llcm3231
e_lr: 3.0000000000000005e-06
tri_loss_rgb: 0.009154677;  tri_loss_ir: 0.009010557;  
r2i_cmo_loss: 0.24727622;  i2r_cmo_loss: 0.24874921;  
r2r_id_loss: 0.13426131;  i2i_id_loss: 0.13229133;  
rgb_cross_loss: 0.025327032;  ir_cross_loss: 0.027941031;  
weak_r2c_loss: 0.008041091;  
R1:0.5109;   R10:0.7845;  R20:0.8489;  mAP:0.5717;  mINP:0.5369
                               Best_R1: 0.5114(epoch:75);    Best mAP: 0.5723(epoch:75);    Best mINP: 0.5374(epoch:75)
=================================================
Extracting rgb features with denoising...
Extracted rgb features shape: torch.Size([16946, 2048])
Extracting ir features with denoising...
Extracted ir features shape: torch.Size([13975, 2048])
get match labels with confidence filter (quality priority)
Epoch 93 (quality priority, conf_thresh=0.49) - Common: 670, Specific: 0, Remain: 13
NaN batch count: 0
=================================================
Epoch: 93;Time: 2026-03-26 11:13:18;Setting: ./log/saved_llcm_cssp/llcm3231
e_lr: 3.0000000000000005e-06
tri_loss_rgb: 0.009074386;  tri_loss_ir: 0.009091797;  
r2i_cmo_loss: 0.24548429;  i2r_cmo_loss: 0.24881114;  
r2r_id_loss: 0.13727653;  i2i_id_loss: 0.12826349;  
rgb_cross_loss: 0.026506338;  ir_cross_loss: 0.026905727;  
weak_r2c_loss: 0.008429446;  
R1:0.5088;   R10:0.7826;  R20:0.8475;  mAP:0.5696;  mINP:0.5348
                               Best_R1: 0.5114(epoch:75);    Best mAP: 0.5723(epoch:75);    Best mINP: 0.5374(epoch:75)
=================================================
Extracting rgb features with denoising...
Extracted rgb features shape: torch.Size([16946, 2048])
Extracting ir features with denoising...
Extracted ir features shape: torch.Size([13975, 2048])
get match labels with confidence filter (quality priority)
Epoch 94 (quality priority, conf_thresh=0.49) - Common: 671, Specific: 0, Remain: 12
NaN batch count: 0
=================================================
Epoch: 94;Time: 2026-03-26 11:31:12;Setting: ./log/saved_llcm_cssp/llcm3231
e_lr: 3.0000000000000005e-06
tri_loss_rgb: 0.008966216;  tri_loss_ir: 0.009106379;  
r2i_cmo_loss: 0.24565041;  i2r_cmo_loss: 0.24681853;  
r2r_id_loss: 0.13776113;  i2i_id_loss: 0.13146979;  
rgb_cross_loss: 0.025959881;  ir_cross_loss: 0.028812515;  
weak_r2c_loss: 0.009597997;  
R1:0.5105;   R10:0.7825;  R20:0.8472;  mAP:0.5704;  mINP:0.5358
                               Best_R1: 0.5114(epoch:75);    Best mAP: 0.5723(epoch:75);    Best mINP: 0.5374(epoch:75)
=================================================
Extracting rgb features with denoising...
Extracted rgb features shape: torch.Size([16946, 2048])
Extracting ir features with denoising...
Extracted ir features shape: torch.Size([13975, 2048])
get match labels with confidence filter (quality priority)
Epoch 95 (quality priority, conf_thresh=0.49) - Common: 669, Specific: 0, Remain: 15
NaN batch count: 0
=================================================
Epoch: 95;Time: 2026-03-26 11:49:06;Setting: ./log/saved_llcm_cssp/llcm3231
e_lr: 3.0000000000000005e-06
tri_loss_rgb: 0.008939254;  tri_loss_ir: 0.008996309;  
r2i_cmo_loss: 0.24362129;  i2r_cmo_loss: 0.24801925;  
r2r_id_loss: 0.13725518;  i2i_id_loss: 0.13062371;  
rgb_cross_loss: 0.026476294;  ir_cross_loss: 0.02736882;  
weak_r2c_loss: 0.012929652;  
R1:0.5092;   R10:0.7819;  R20:0.8478;  mAP:0.5692;  mINP:0.5340
                               Best_R1: 0.5114(epoch:75);    Best mAP: 0.5723(epoch:75);    Best mINP: 0.5374(epoch:75)
=================================================
Extracting rgb features with denoising...
Extracted rgb features shape: torch.Size([16946, 2048])
Extracting ir features with denoising...
Extracted ir features shape: torch.Size([13975, 2048])
get match labels with confidence filter (quality priority)
Epoch 96 (quality priority, conf_thresh=0.50) - Common: 670, Specific: 0, Remain: 14
NaN batch count: 0
Successfully saved best rank1 model to ./log/saved_llcm_cssp/llcm3231/models/model_best_rank1_epoch_96.pth
=================================================
Epoch: 96;Time: 2026-03-26 12:06:59;Setting: ./log/saved_llcm_cssp/llcm3231
e_lr: 3.0000000000000005e-06
tri_loss_rgb: 0.009602872;  tri_loss_ir: 0.009500554;  
r2i_cmo_loss: 0.24392095;  i2r_cmo_loss: 0.24721076;  
r2r_id_loss: 0.13624878;  i2i_id_loss: 0.13357078;  
rgb_cross_loss: 0.025385484;  ir_cross_loss: 0.028813204;  
weak_r2c_loss: 0.007566162;  
R1:0.5116;   R10:0.7825;  R20:0.8468;  mAP:0.5712;  mINP:0.5363
                               Best_R1: 0.5116(epoch:97);    Best mAP: 0.5723(epoch:75);    Best mINP: 0.5374(epoch:75)
=================================================
Extracting rgb features with denoising...
Extracted rgb features shape: torch.Size([16946, 2048])
Extracting ir features with denoising...
Extracted ir features shape: torch.Size([13975, 2048])
get match labels with confidence filter (quality priority)
Epoch 97 (quality priority, conf_thresh=0.50) - Common: 669, Specific: 0, Remain: 13
NaN batch count: 0
=================================================
Epoch: 97;Time: 2026-03-26 12:24:51;Setting: ./log/saved_llcm_cssp/llcm3231
e_lr: 3.0000000000000005e-06
tri_loss_rgb: 0.009314705;  tri_loss_ir: 0.009583302;  
r2i_cmo_loss: 0.24349867;  i2r_cmo_loss: 0.24722801;  
r2r_id_loss: 0.13698967;  i2i_id_loss: 0.13262096;  
rgb_cross_loss: 0.025734501;  ir_cross_loss: 0.02898966;  
weak_r2c_loss: 0.009807749;  
R1:0.5081;   R10:0.7788;  R20:0.8428;  mAP:0.5673;  mINP:0.5323
                               Best_R1: 0.5116(epoch:97);    Best mAP: 0.5723(epoch:75);    Best mINP: 0.5374(epoch:75)
=================================================
Extracting rgb features with denoising...
Extracted rgb features shape: torch.Size([16946, 2048])
Extracting ir features with denoising...
Extracted ir features shape: torch.Size([13975, 2048])
get match labels with confidence filter (quality priority)
Epoch 98 (quality priority, conf_thresh=0.51) - Common: 669, Specific: 0, Remain: 13
NaN batch count: 0
=================================================
Epoch: 98;Time: 2026-03-26 12:42:43;Setting: ./log/saved_llcm_cssp/llcm3231
e_lr: 3.0000000000000005e-06
tri_loss_rgb: 0.008930541;  tri_loss_ir: 0.009175407;  
r2i_cmo_loss: 0.24335352;  i2r_cmo_loss: 0.24699596;  
r2r_id_loss: 0.1353854;  i2i_id_loss: 0.13355266;  
rgb_cross_loss: 0.02595399;  ir_cross_loss: 0.028034028;  
weak_r2c_loss: 0.005537196;  
R1:0.5096;   R10:0.7822;  R20:0.8467;  mAP:0.5696;  mINP:0.5351
                               Best_R1: 0.5116(epoch:97);    Best mAP: 0.5723(epoch:75);    Best mINP: 0.5374(epoch:75)
=================================================
Extracting rgb features with denoising...
Extracted rgb features shape: torch.Size([16946, 2048])
Extracting ir features with denoising...
Extracted ir features shape: torch.Size([13975, 2048])
get match labels with confidence filter (quality priority)
Epoch 99 (quality priority, conf_thresh=0.51) - Common: 670, Specific: 0, Remain: 10
NaN batch count: 0
=================================================
Epoch: 99;Time: 2026-03-26 13:00:36;Setting: ./log/saved_llcm_cssp/llcm3231
e_lr: 3.0000000000000005e-06
tri_loss_rgb: 0.008585749;  tri_loss_ir: 0.008751733;  
r2i_cmo_loss: 0.24307121;  i2r_cmo_loss: 0.2440188;  
r2r_id_loss: 0.1339489;  i2i_id_loss: 0.12664986;  
rgb_cross_loss: 0.025225148;  ir_cross_loss: 0.026949659;  
weak_r2c_loss: 0.0066134143;  
R1:0.5089;   R10:0.7813;  R20:0.8458;  mAP:0.5696;  mINP:0.5350
                               Best_R1: 0.5116(epoch:97);    Best mAP: 0.5723(epoch:75);    Best mINP: 0.5374(epoch:75)
=================================================
Extracting rgb features with denoising...
Extracted rgb features shape: torch.Size([16946, 2048])
Extracting ir features with denoising...
Extracted ir features shape: torch.Size([13975, 2048])
get match labels with confidence filter (quality priority)
Epoch 100 (quality priority, conf_thresh=0.51) - Common: 670, Specific: 0, Remain: 13
NaN batch count: 0
=================================================
Epoch: 100;Time: 2026-03-26 13:18:28;Setting: ./log/saved_llcm_cssp/llcm3231
e_lr: 3.0000000000000005e-06
tri_loss_rgb: 0.008715938;  tri_loss_ir: 0.008884223;  
r2i_cmo_loss: 0.24117042;  i2r_cmo_loss: 0.2462524;  
r2r_id_loss: 0.13622712;  i2i_id_loss: 0.12958635;  
rgb_cross_loss: 0.025538828;  ir_cross_loss: 0.02752268;  
weak_r2c_loss: 0.008412943;  
R1:0.5060;   R10:0.7799;  R20:0.8445;  mAP:0.5667;  mINP:0.5321
                               Best_R1: 0.5116(epoch:97);    Best mAP: 0.5723(epoch:75);    Best mINP: 0.5374(epoch:75)
=================================================
Extracting rgb features with denoising...
Extracted rgb features shape: torch.Size([16946, 2048])
Extracting ir features with denoising...
Extracted ir features shape: torch.Size([13975, 2048])
get match labels with confidence filter (quality priority)
Epoch 101 (quality priority, conf_thresh=0.52) - Common: 670, Specific: 0, Remain: 9
NaN batch count: 0
=================================================
Epoch: 101;Time: 2026-03-26 13:36:20;Setting: ./log/saved_llcm_cssp/llcm3231
e_lr: 3.0000000000000005e-06
tri_loss_rgb: 0.008568478;  tri_loss_ir: 0.008856438;  
r2i_cmo_loss: 0.24153031;  i2r_cmo_loss: 0.24711266;  
r2r_id_loss: 0.13702501;  i2i_id_loss: 0.13444632;  
rgb_cross_loss: 0.026001906;  ir_cross_loss: 0.030234268;  
weak_r2c_loss: 0.0045895437;  
R1:0.5105;   R10:0.7827;  R20:0.8481;  mAP:0.5702;  mINP:0.5349
                               Best_R1: 0.5116(epoch:97);    Best mAP: 0.5723(epoch:75);    Best mINP: 0.5374(epoch:75)
=================================================
Extracting rgb features with denoising...
Extracted rgb features shape: torch.Size([16946, 2048])
Extracting ir features with denoising...
Extracted ir features shape: torch.Size([13975, 2048])
get match labels with confidence filter (quality priority)
Epoch 102 (quality priority, conf_thresh=0.52) - Common: 671, Specific: 0, Remain: 10
NaN batch count: 0
=================================================
Epoch: 102;Time: 2026-03-26 13:54:12;Setting: ./log/saved_llcm_cssp/llcm3231
e_lr: 3.0000000000000005e-06
tri_loss_rgb: 0.008728466;  tri_loss_ir: 0.008785331;  
r2i_cmo_loss: 0.24247941;  i2r_cmo_loss: 0.24405701;  
r2r_id_loss: 0.13610445;  i2i_id_loss: 0.13103457;  
rgb_cross_loss: 0.026629156;  ir_cross_loss: 0.028580785;  
weak_r2c_loss: 0.0070392094;  
R1:0.5081;   R10:0.7826;  R20:0.8458;  mAP:0.5687;  mINP:0.5338
                               Best_R1: 0.5116(epoch:97);    Best mAP: 0.5723(epoch:75);    Best mINP: 0.5374(epoch:75)
=================================================
Extracting rgb features with denoising...
Extracted rgb features shape: torch.Size([16946, 2048])
Extracting ir features with denoising...
Extracted ir features shape: torch.Size([13975, 2048])
get match labels with confidence filter (quality priority)
Epoch 103 (quality priority, conf_thresh=0.52) - Common: 670, Specific: 0, Remain: 11
NaN batch count: 0
=================================================
Epoch: 103;Time: 2026-03-26 14:12:03;Setting: ./log/saved_llcm_cssp/llcm3231
e_lr: 3.0000000000000005e-06
tri_loss_rgb: 0.008113547;  tri_loss_ir: 0.0081156595;  
r2i_cmo_loss: 0.24099353;  i2r_cmo_loss: 0.24494736;  
r2r_id_loss: 0.13657638;  i2i_id_loss: 0.1317324;  
rgb_cross_loss: 0.02582668;  ir_cross_loss: 0.02802106;  
weak_r2c_loss: 0.0064639654;  
R1:0.5090;   R10:0.7827;  R20:0.8479;  mAP:0.5697;  mINP:0.5351
                               Best_R1: 0.5116(epoch:97);    Best mAP: 0.5723(epoch:75);    Best mINP: 0.5374(epoch:75)
=================================================
Extracting rgb features with denoising...
Extracted rgb features shape: torch.Size([16946, 2048])
Extracting ir features with denoising...
Extracted ir features shape: torch.Size([13975, 2048])
get match labels with confidence filter (quality priority)
Epoch 104 (quality priority, conf_thresh=0.53) - Common: 670, Specific: 0, Remain: 11
NaN batch count: 0
=================================================
Epoch: 104;Time: 2026-03-26 14:29:55;Setting: ./log/saved_llcm_cssp/llcm3231
e_lr: 3.0000000000000005e-06
tri_loss_rgb: 0.008856124;  tri_loss_ir: 0.00902903;  
r2i_cmo_loss: 0.2426241;  i2r_cmo_loss: 0.24251412;  
r2r_id_loss: 0.13647157;  i2i_id_loss: 0.130156;  
rgb_cross_loss: 0.02639871;  ir_cross_loss: 0.02789036;  
weak_r2c_loss: 0.006241938;  
R1:0.5109;   R10:0.7838;  R20:0.8479;  mAP:0.5710;  mINP:0.5359
                               Best_R1: 0.5116(epoch:97);    Best mAP: 0.5723(epoch:75);    Best mINP: 0.5374(epoch:75)
=================================================
Extracting rgb features with denoising...
Extracted rgb features shape: torch.Size([16946, 2048])
Extracting ir features with denoising...
Extracted ir features shape: torch.Size([13975, 2048])
get match labels with confidence filter (quality priority)
Epoch 105 (quality priority, conf_thresh=0.53) - Common: 670, Specific: 0, Remain: 14
NaN batch count: 0
=================================================
Epoch: 105;Time: 2026-03-26 14:47:47;Setting: ./log/saved_llcm_cssp/llcm3231
e_lr: 3.0000000000000005e-06
tri_loss_rgb: 0.008863747;  tri_loss_ir: 0.009080319;  
r2i_cmo_loss: 0.24094024;  i2r_cmo_loss: 0.24451065;  
r2r_id_loss: 0.1397669;  i2i_id_loss: 0.13324992;  
rgb_cross_loss: 0.027738275;  ir_cross_loss: 0.029025687;  
weak_r2c_loss: 0.010546642;  
R1:0.5065;   R10:0.7816;  R20:0.8466;  mAP:0.5672;  mINP:0.5322
                               Best_R1: 0.5116(epoch:97);    Best mAP: 0.5723(epoch:75);    Best mINP: 0.5374(epoch:75)
=================================================
Extracting rgb features with denoising...
Extracted rgb features shape: torch.Size([16946, 2048])
Extracting ir features with denoising...
Extracted ir features shape: torch.Size([13975, 2048])
get match labels with confidence filter (quality priority)
Epoch 106 (quality priority, conf_thresh=0.54) - Common: 670, Specific: 0, Remain: 10
NaN batch count: 0
=================================================
Epoch: 106;Time: 2026-03-26 15:05:39;Setting: ./log/saved_llcm_cssp/llcm3231
e_lr: 3.0000000000000005e-06
tri_loss_rgb: 0.008362417;  tri_loss_ir: 0.008471419;  
r2i_cmo_loss: 0.24145822;  i2r_cmo_loss: 0.24410267;  
r2r_id_loss: 0.1360282;  i2i_id_loss: 0.12856035;  
rgb_cross_loss: 0.026103027;  ir_cross_loss: 0.027057959;  
weak_r2c_loss: 0.0050871056;  
R1:0.5069;   R10:0.7790;  R20:0.8450;  mAP:0.5673;  mINP:0.5328
                               Best_R1: 0.5116(epoch:97);    Best mAP: 0.5723(epoch:75);    Best mINP: 0.5374(epoch:75)
=================================================
Extracting rgb features with denoising...
Extracted rgb features shape: torch.Size([16946, 2048])
Extracting ir features with denoising...
Extracted ir features shape: torch.Size([13975, 2048])
get match labels with confidence filter (quality priority)
Epoch 107 (quality priority, conf_thresh=0.54) - Common: 671, Specific: 0, Remain: 8
NaN batch count: 0
=================================================
Epoch: 107;Time: 2026-03-26 15:23:30;Setting: ./log/saved_llcm_cssp/llcm3231
e_lr: 3.0000000000000005e-06
tri_loss_rgb: 0.008101204;  tri_loss_ir: 0.008359299;  
r2i_cmo_loss: 0.23999807;  i2r_cmo_loss: 0.2432433;  
r2r_id_loss: 0.13646416;  i2i_id_loss: 0.13189128;  
rgb_cross_loss: 0.026324367;  ir_cross_loss: 0.028306928;  
weak_r2c_loss: 0.004202624;  
R1:0.5087;   R10:0.7821;  R20:0.8466;  mAP:0.5693;  mINP:0.5346
                               Best_R1: 0.5116(epoch:97);    Best mAP: 0.5723(epoch:75);    Best mINP: 0.5374(epoch:75)
=================================================
Extracting rgb features with denoising...
Extracted rgb features shape: torch.Size([16946, 2048])
Extracting ir features with denoising...
Extracted ir features shape: torch.Size([13975, 2048])
get match labels with confidence filter (quality priority)
Epoch 108 (quality priority, conf_thresh=0.54) - Common: 671, Specific: 0, Remain: 8
NaN batch count: 0
=================================================
Epoch: 108;Time: 2026-03-26 15:41:21;Setting: ./log/saved_llcm_cssp/llcm3231
e_lr: 3.0000000000000005e-06
tri_loss_rgb: 0.009117761;  tri_loss_ir: 0.009221172;  
r2i_cmo_loss: 0.24062654;  i2r_cmo_loss: 0.24203457;  
r2r_id_loss: 0.1371843;  i2i_id_loss: 0.13080296;  
rgb_cross_loss: 0.026711982;  ir_cross_loss: 0.02740249;  
weak_r2c_loss: 0.0043668593;  
R1:0.5096;   R10:0.7806;  R20:0.8447;  mAP:0.5692;  mINP:0.5347
                               Best_R1: 0.5116(epoch:97);    Best mAP: 0.5723(epoch:75);    Best mINP: 0.5374(epoch:75)
=================================================
Extracting rgb features with denoising...
Extracted rgb features shape: torch.Size([16946, 2048])
Extracting ir features with denoising...
Extracted ir features shape: torch.Size([13975, 2048])
get match labels with confidence filter (quality priority)
Epoch 109 (quality priority, conf_thresh=0.55) - Common: 671, Specific: 0, Remain: 9
NaN batch count: 0
=================================================
Epoch: 109;Time: 2026-03-26 15:59:13;Setting: ./log/saved_llcm_cssp/llcm3231
e_lr: 3.0000000000000005e-06
tri_loss_rgb: 0.008273356;  tri_loss_ir: 0.008315473;  
r2i_cmo_loss: 0.24012631;  i2r_cmo_loss: 0.24370123;  
r2r_id_loss: 0.13611062;  i2i_id_loss: 0.13292354;  
rgb_cross_loss: 0.026012745;  ir_cross_loss: 0.028014082;  
weak_r2c_loss: 0.00614959;  
R1:0.5066;   R10:0.7803;  R20:0.8458;  mAP:0.5667;  mINP:0.5318
                               Best_R1: 0.5116(epoch:97);    Best mAP: 0.5723(epoch:75);    Best mINP: 0.5374(epoch:75)
=================================================
Extracting rgb features with denoising...
Extracted rgb features shape: torch.Size([16946, 2048])
Extracting ir features with denoising...
Extracted ir features shape: torch.Size([13975, 2048])
get match labels with confidence filter (quality priority)
Epoch 110 (quality priority, conf_thresh=0.55) - Common: 670, Specific: 0, Remain: 13
NaN batch count: 0
=================================================
Epoch: 110;Time: 2026-03-26 16:17:05;Setting: ./log/saved_llcm_cssp/llcm3231
e_lr: 3.0000000000000005e-06
tri_loss_rgb: 0.008470633;  tri_loss_ir: 0.008589157;  
r2i_cmo_loss: 0.24049596;  i2r_cmo_loss: 0.24300845;  
r2r_id_loss: 0.13718924;  i2i_id_loss: 0.13249457;  
rgb_cross_loss: 0.026497552;  ir_cross_loss: 0.028713247;  
weak_r2c_loss: 0.01702896;  
R1:0.5070;   R10:0.7815;  R20:0.8447;  mAP:0.5668;  mINP:0.5316
                               Best_R1: 0.5116(epoch:97);    Best mAP: 0.5723(epoch:75);    Best mINP: 0.5374(epoch:75)
=================================================
Extracting rgb features with denoising...
Extracted rgb features shape: torch.Size([16946, 2048])
Extracting ir features with denoising...
Extracted ir features shape: torch.Size([13975, 2048])
get match labels with confidence filter (quality priority)
Epoch 111 (quality priority, conf_thresh=0.55) - Common: 672, Specific: 0, Remain: 8
NaN batch count: 0
Successfully saved best rank1 model to ./log/saved_llcm_cssp/llcm3231/models/model_best_rank1_epoch_111.pth
Successfully saved best mAP model to ./log/saved_llcm_cssp/llcm3231/models/model_best_mAP_epoch_111.pth
Successfully saved best mINP model to ./log/saved_llcm_cssp/llcm3231/models/model_best_mINP_epoch_111.pth
=================================================
Epoch: 111;Time: 2026-03-26 16:34:59;Setting: ./log/saved_llcm_cssp/llcm3231
e_lr: 3.0000000000000005e-06
tri_loss_rgb: 0.008185077;  tri_loss_ir: 0.008254386;  
r2i_cmo_loss: 0.23954187;  i2r_cmo_loss: 0.24206357;  
r2r_id_loss: 0.13844736;  i2i_id_loss: 0.12886599;  
rgb_cross_loss: 0.02712221;  ir_cross_loss: 0.027193183;  
weak_r2c_loss: 0.01582817;  
R1:0.5146;   R10:0.7867;  R20:0.8498;  mAP:0.5739;  mINP:0.5387
                               Best_R1: 0.5146(epoch:112);    Best mAP: 0.5739(epoch:112);    Best mINP: 0.5387(epoch:112)
=================================================
Extracting rgb features with denoising...
Extracted rgb features shape: torch.Size([16946, 2048])
Extracting ir features with denoising...
Extracted ir features shape: torch.Size([13975, 2048])
get match labels with confidence filter (quality priority)
Epoch 112 (quality priority, conf_thresh=0.56) - Common: 670, Specific: 0, Remain: 11
NaN batch count: 0
=================================================
Epoch: 112;Time: 2026-03-26 16:52:51;Setting: ./log/saved_llcm_cssp/llcm3231
e_lr: 3.0000000000000005e-06
tri_loss_rgb: 0.008858742;  tri_loss_ir: 0.009075119;  
r2i_cmo_loss: 0.2396881;  i2r_cmo_loss: 0.24207461;  
r2r_id_loss: 0.138722;  i2i_id_loss: 0.12883587;  
rgb_cross_loss: 0.026561143;  ir_cross_loss: 0.027255625;  
weak_r2c_loss: 0.007302203;  
R1:0.5112;   R10:0.7858;  R20:0.8492;  mAP:0.5719;  mINP:0.5372
                               Best_R1: 0.5146(epoch:112);    Best mAP: 0.5739(epoch:112);    Best mINP: 0.5387(epoch:112)
=================================================
Extracting rgb features with denoising...
Extracted rgb features shape: torch.Size([16946, 2048])
Extracting ir features with denoising...
Extracted ir features shape: torch.Size([13975, 2048])
get match labels with confidence filter (quality priority)
Epoch 113 (quality priority, conf_thresh=0.56) - Common: 671, Specific: 0, Remain: 8
NaN batch count: 0
=================================================
Epoch: 113;Time: 2026-03-26 17:10:42;Setting: ./log/saved_llcm_cssp/llcm3231
e_lr: 3.0000000000000005e-06
tri_loss_rgb: 0.008764418;  tri_loss_ir: 0.008852612;  
r2i_cmo_loss: 0.23906733;  i2r_cmo_loss: 0.24153267;  
r2r_id_loss: 0.1337727;  i2i_id_loss: 0.13092211;  
rgb_cross_loss: 0.025777142;  ir_cross_loss: 0.028801875;  
weak_r2c_loss: 0.0045134886;  
R1:0.5116;   R10:0.7830;  R20:0.8474;  mAP:0.5713;  mINP:0.5367
                               Best_R1: 0.5146(epoch:112);    Best mAP: 0.5739(epoch:112);    Best mINP: 0.5387(epoch:112)
=================================================
Extracting rgb features with denoising...
Extracted rgb features shape: torch.Size([16946, 2048])
Extracting ir features with denoising...
Extracted ir features shape: torch.Size([13975, 2048])
get match labels with confidence filter (quality priority)
Epoch 114 (quality priority, conf_thresh=0.56) - Common: 670, Specific: 0, Remain: 10
NaN batch count: 0
=================================================
Epoch: 114;Time: 2026-03-26 17:28:34;Setting: ./log/saved_llcm_cssp/llcm3231
e_lr: 3.0000000000000005e-06
tri_loss_rgb: 0.008179726;  tri_loss_ir: 0.008302978;  
r2i_cmo_loss: 0.23910205;  i2r_cmo_loss: 0.24181378;  
r2r_id_loss: 0.13881306;  i2i_id_loss: 0.13172561;  
rgb_cross_loss: 0.027107978;  ir_cross_loss: 0.028617715;  
weak_r2c_loss: 0.0049726875;  
R1:0.5076;   R10:0.7809;  R20:0.8454;  mAP:0.5679;  mINP:0.5331
                               Best_R1: 0.5146(epoch:112);    Best mAP: 0.5739(epoch:112);    Best mINP: 0.5387(epoch:112)
=================================================
Extracting rgb features with denoising...
Extracted rgb features shape: torch.Size([16946, 2048])
Extracting ir features with denoising...
Extracted ir features shape: torch.Size([13975, 2048])
get match labels with confidence filter (quality priority)
Epoch 115 (quality priority, conf_thresh=0.57) - Common: 669, Specific: 0, Remain: 10
NaN batch count: 0
=================================================
Epoch: 115;Time: 2026-03-26 17:46:25;Setting: ./log/saved_llcm_cssp/llcm3231
e_lr: 3.0000000000000005e-06
tri_loss_rgb: 0.008419596;  tri_loss_ir: 0.008608259;  
r2i_cmo_loss: 0.23756906;  i2r_cmo_loss: 0.24151757;  
r2r_id_loss: 0.1340009;  i2i_id_loss: 0.12994005;  
rgb_cross_loss: 0.0257268;  ir_cross_loss: 0.0284258;  
weak_r2c_loss: 0.0042346832;  
R1:0.5097;   R10:0.7847;  R20:0.8500;  mAP:0.5710;  mINP:0.5367
                               Best_R1: 0.5146(epoch:112);    Best mAP: 0.5739(epoch:112);    Best mINP: 0.5387(epoch:112)
=================================================
Extracting rgb features with denoising...
Extracted rgb features shape: torch.Size([16946, 2048])
Extracting ir features with denoising...
Extracted ir features shape: torch.Size([13975, 2048])
get match labels with confidence filter (quality priority)
Epoch 116 (quality priority, conf_thresh=0.57) - Common: 670, Specific: 0, Remain: 9
NaN batch count: 0
=================================================
Epoch: 116;Time: 2026-03-26 18:04:17;Setting: ./log/saved_llcm_cssp/llcm3231
e_lr: 3.0000000000000005e-06
tri_loss_rgb: 0.008789741;  tri_loss_ir: 0.0090206005;  
r2i_cmo_loss: 0.23809624;  i2r_cmo_loss: 0.24148911;  
r2r_id_loss: 0.13718356;  i2i_id_loss: 0.12660047;  
rgb_cross_loss: 0.02675373;  ir_cross_loss: 0.027904877;  
weak_r2c_loss: 0.0048651793;  
R1:0.5073;   R10:0.7791;  R20:0.8431;  mAP:0.5668;  mINP:0.5317
                               Best_R1: 0.5146(epoch:112);    Best mAP: 0.5739(epoch:112);    Best mINP: 0.5387(epoch:112)
=================================================
Extracting rgb features with denoising...
Extracted rgb features shape: torch.Size([16946, 2048])
Extracting ir features with denoising...
Extracted ir features shape: torch.Size([13975, 2048])
get match labels with confidence filter (quality priority)
Epoch 117 (quality priority, conf_thresh=0.58) - Common: 670, Specific: 0, Remain: 10
NaN batch count: 0
=================================================
Epoch: 117;Time: 2026-03-26 18:22:09;Setting: ./log/saved_llcm_cssp/llcm3231
e_lr: 3.0000000000000005e-06
tri_loss_rgb: 0.007906163;  tri_loss_ir: 0.008143046;  
r2i_cmo_loss: 0.23670956;  i2r_cmo_loss: 0.24118274;  
r2r_id_loss: 0.13474356;  i2i_id_loss: 0.1278468;  
rgb_cross_loss: 0.025932187;  ir_cross_loss: 0.027031494;  
weak_r2c_loss: 0.0065066502;  
R1:0.5105;   R10:0.7803;  R20:0.8447;  mAP:0.5693;  mINP:0.5342
                               Best_R1: 0.5146(epoch:112);    Best mAP: 0.5739(epoch:112);    Best mINP: 0.5387(epoch:112)
=================================================
Extracting rgb features with denoising...
Extracted rgb features shape: torch.Size([16946, 2048])
Extracting ir features with denoising...
Extracted ir features shape: torch.Size([13975, 2048])
get match labels with confidence filter (quality priority)
Epoch 118 (quality priority, conf_thresh=0.58) - Common: 670, Specific: 0, Remain: 10
NaN batch count: 0
=================================================
Epoch: 118;Time: 2026-03-26 18:40:00;Setting: ./log/saved_llcm_cssp/llcm3231
e_lr: 3.0000000000000005e-06
tri_loss_rgb: 0.008286318;  tri_loss_ir: 0.0084213605;  
r2i_cmo_loss: 0.2365131;  i2r_cmo_loss: 0.24133411;  
r2r_id_loss: 0.13332506;  i2i_id_loss: 0.12948717;  
rgb_cross_loss: 0.02563409;  ir_cross_loss: 0.028265566;  
weak_r2c_loss: 0.0055202655;  
R1:0.5116;   R10:0.7829;  R20:0.8477;  mAP:0.5712;  mINP:0.5366
                               Best_R1: 0.5146(epoch:112);    Best mAP: 0.5739(epoch:112);    Best mINP: 0.5387(epoch:112)
=================================================
Extracting rgb features with denoising...
Extracted rgb features shape: torch.Size([16946, 2048])
Extracting ir features with denoising...
Extracted ir features shape: torch.Size([13975, 2048])
get match labels with confidence filter (quality priority)
Epoch 119 (quality priority, conf_thresh=0.58) - Common: 670, Specific: 0, Remain: 10
NaN batch count: 0
=================================================
Epoch: 119;Time: 2026-03-26 18:57:52;Setting: ./log/saved_llcm_cssp/llcm3231
e_lr: 3.0000000000000005e-06
tri_loss_rgb: 0.007916372;  tri_loss_ir: 0.00811557;  
r2i_cmo_loss: 0.23671323;  i2r_cmo_loss: 0.24127206;  
r2r_id_loss: 0.13469207;  i2i_id_loss: 0.1297145;  
rgb_cross_loss: 0.026205132;  ir_cross_loss: 0.027646882;  
weak_r2c_loss: 0.004842244;  
R1:0.5057;   R10:0.7813;  R20:0.8472;  mAP:0.5668;  mINP:0.5322
                               Best_R1: 0.5146(epoch:112);    Best mAP: 0.5739(epoch:112);    Best mINP: 0.5387(epoch:112)
=================================================
Extracting rgb features with denoising...
Extracted rgb features shape: torch.Size([16946, 2048])
Extracting ir features with denoising...
Extracted ir features shape: torch.Size([13975, 2048])
get match labels with confidence filter (quality priority)
Epoch 120 (quality priority, conf_thresh=0.59) - Common: 670, Specific: 0, Remain: 9
NaN batch count: 0
=================================================
Epoch: 120;Time: 2026-03-26 19:15:44;Setting: ./log/saved_llcm_cssp/llcm3231
e_lr: 3.0000000000000005e-06
tri_loss_rgb: 0.0077885413;  tri_loss_ir: 0.007938378;  
r2i_cmo_loss: 0.23693568;  i2r_cmo_loss: 0.24067724;  
weak_r2c_loss: 0.0039602537;  r2r_id_loss: 0.13531183;  
i2i_id_loss: 0.12902191;  rgb_cross_loss: 0.025860079;  
ir_cross_loss: 0.027863037;  
R1:0.5058;   R10:0.7811;  R20:0.8463;  mAP:0.5667;  mINP:0.5319
                               Best_R1: 0.5146(epoch:112);    Best mAP: 0.5739(epoch:112);    Best mINP: 0.5387(epoch:112)
=================================================
Extracting rgb features with denoising...
Extracted rgb features shape: torch.Size([16946, 2048])
Extracting ir features with denoising...
Extracted ir features shape: torch.Size([13975, 2048])
get match labels with confidence filter (quality priority)
Epoch 121 (quality priority, conf_thresh=0.59) - Common: 671, Specific: 0, Remain: 6
NaN batch count: 0
=================================================
Epoch: 121;Time: 2026-03-26 19:33:37;Setting: ./log/saved_llcm_cssp/llcm3231
e_lr: 3.0000000000000005e-06
tri_loss_rgb: 0.008004714;  tri_loss_ir: 0.008172809;  
r2i_cmo_loss: 0.2363559;  i2r_cmo_loss: 0.24061887;  
r2r_id_loss: 0.13501726;  i2i_id_loss: 0.12836875;  
rgb_cross_loss: 0.026550937;  ir_cross_loss: 0.02724706;  
weak_r2c_loss: 0.003787679;  
R1:0.5089;   R10:0.7806;  R20:0.8453;  mAP:0.5684;  mINP:0.5336
                               Best_R1: 0.5146(epoch:112);    Best mAP: 0.5739(epoch:112);    Best mINP: 0.5387(epoch:112)
=================================================
Extracting rgb features with denoising...
Extracted rgb features shape: torch.Size([16946, 2048])
Extracting ir features with denoising...
Extracted ir features shape: torch.Size([13975, 2048])
get match labels with confidence filter (quality priority)
Epoch 122 (quality priority, conf_thresh=0.59) - Common: 670, Specific: 0, Remain: 9
NaN batch count: 0
=================================================
Epoch: 122;Time: 2026-03-26 19:51:31;Setting: ./log/saved_llcm_cssp/llcm3231
e_lr: 3.0000000000000005e-06
tri_loss_rgb: 0.007814573;  tri_loss_ir: 0.007913525;  
r2i_cmo_loss: 0.23598039;  i2r_cmo_loss: 0.24050723;  
r2r_id_loss: 0.13382703;  i2i_id_loss: 0.1300783;  
rgb_cross_loss: 0.026538333;  ir_cross_loss: 0.028087819;  
weak_r2c_loss: 0.0042410707;  
R1:0.5092;   R10:0.7803;  R20:0.8457;  mAP:0.5686;  mINP:0.5336
                               Best_R1: 0.5146(epoch:112);    Best mAP: 0.5739(epoch:112);    Best mINP: 0.5387(epoch:112)
=================================================
Extracting rgb features with denoising...
Extracted rgb features shape: torch.Size([16946, 2048])
Extracting ir features with denoising...
Extracted ir features shape: torch.Size([13975, 2048])
get match labels with confidence filter (quality priority)
Epoch 123 (quality priority, conf_thresh=0.60) - Common: 671, Specific: 0, Remain: 9
NaN batch count: 0
=================================================
Epoch: 123;Time: 2026-03-26 20:09:25;Setting: ./log/saved_llcm_cssp/llcm3231
e_lr: 3.0000000000000005e-06
tri_loss_rgb: 0.008187205;  tri_loss_ir: 0.008331749;  
r2i_cmo_loss: 0.23618534;  i2r_cmo_loss: 0.23888311;  
r2r_id_loss: 0.1361224;  i2i_id_loss: 0.12722246;  
rgb_cross_loss: 0.025887117;  ir_cross_loss: 0.027715567;  
weak_r2c_loss: 0.007497021;  
R1:0.5085;   R10:0.7818;  R20:0.8475;  mAP:0.5691;  mINP:0.5346
                               Best_R1: 0.5146(epoch:112);    Best mAP: 0.5739(epoch:112);    Best mINP: 0.5387(epoch:112)
=================================================
Extracting rgb features with denoising...
Extracted rgb features shape: torch.Size([16946, 2048])
Extracting ir features with denoising...
Extracted ir features shape: torch.Size([13975, 2048])
get match labels with confidence filter (quality priority)
Epoch 124 (quality priority, conf_thresh=0.60) - Common: 670, Specific: 0, Remain: 10
NaN batch count: 0
=================================================
Epoch: 124;Time: 2026-03-26 20:27:19;Setting: ./log/saved_llcm_cssp/llcm3231
e_lr: 3.0000000000000005e-06
tri_loss_rgb: 0.008231025;  tri_loss_ir: 0.008348937;  
r2i_cmo_loss: 0.23709077;  i2r_cmo_loss: 0.24064444;  
r2r_id_loss: 0.13505566;  i2i_id_loss: 0.13012713;  
rgb_cross_loss: 0.025915107;  ir_cross_loss: 0.028711453;  
weak_r2c_loss: 0.006599431;  
R1:0.5066;   R10:0.7802;  R20:0.8447;  mAP:0.5669;  mINP:0.5320
                               Best_R1: 0.5146(epoch:112);    Best mAP: 0.5739(epoch:112);    Best mINP: 0.5387(epoch:112)
=================================================
Extracting rgb features with denoising...
Extracted rgb features shape: torch.Size([16946, 2048])
Extracting ir features with denoising...
Extracted ir features shape: torch.Size([13975, 2048])
get match labels with confidence filter (quality priority)
Epoch 125 (quality priority, conf_thresh=0.61) - Common: 671, Specific: 0, Remain: 9
NaN batch count: 0
=================================================
Epoch: 125;Time: 2026-03-26 20:45:13;Setting: ./log/saved_llcm_cssp/llcm3231
e_lr: 3.0000000000000005e-06
tri_loss_rgb: 0.008511464;  tri_loss_ir: 0.008626388;  
r2i_cmo_loss: 0.23483521;  i2r_cmo_loss: 0.23905885;  
r2r_id_loss: 0.1330621;  i2i_id_loss: 0.12912217;  
rgb_cross_loss: 0.025094671;  ir_cross_loss: 0.027609115;  
weak_r2c_loss: 0.0062675322;  
R1:0.5065;   R10:0.7794;  R20:0.8445;  mAP:0.5661;  mINP:0.5310
                               Best_R1: 0.5146(epoch:112);    Best mAP: 0.5739(epoch:112);    Best mINP: 0.5387(epoch:112)
=================================================
Extracting rgb features with denoising...
Extracted rgb features shape: torch.Size([16946, 2048])
Extracting ir features with denoising...
Extracted ir features shape: torch.Size([13975, 2048])
get match labels with confidence filter (quality priority)
Epoch 126 (quality priority, conf_thresh=0.61) - Common: 671, Specific: 0, Remain: 8
NaN batch count: 0
=================================================
Epoch: 126;Time: 2026-03-26 21:03:07;Setting: ./log/saved_llcm_cssp/llcm3231
e_lr: 3.0000000000000005e-06
tri_loss_rgb: 0.008105899;  tri_loss_ir: 0.0081251105;  
r2i_cmo_loss: 0.2354037;  i2r_cmo_loss: 0.2385425;  
r2r_id_loss: 0.13463762;  i2i_id_loss: 0.12668236;  
rgb_cross_loss: 0.026179943;  ir_cross_loss: 0.026741818;  
weak_r2c_loss: 0.0055855894;  
R1:0.5097;   R10:0.7819;  R20:0.8460;  mAP:0.5698;  mINP:0.5352
                               Best_R1: 0.5146(epoch:112);    Best mAP: 0.5739(epoch:112);    Best mINP: 0.5387(epoch:112)
=================================================
Extracting rgb features with denoising...
Extracted rgb features shape: torch.Size([16946, 2048])
Extracting ir features with denoising...
Extracted ir features shape: torch.Size([13975, 2048])
get match labels with confidence filter (quality priority)
Epoch 127 (quality priority, conf_thresh=0.61) - Common: 670, Specific: 0, Remain: 10
NaN batch count: 0
=================================================
Epoch: 127;Time: 2026-03-26 21:21:02;Setting: ./log/saved_llcm_cssp/llcm3231
e_lr: 3.0000000000000005e-06
tri_loss_rgb: 0.007997309;  tri_loss_ir: 0.008098077;  
r2i_cmo_loss: 0.23567729;  i2r_cmo_loss: 0.23858674;  
r2r_id_loss: 0.13437922;  i2i_id_loss: 0.12786469;  
rgb_cross_loss: 0.025988327;  ir_cross_loss: 0.02808808;  
weak_r2c_loss: 0.0048452155;  
R1:0.5065;   R10:0.7818;  R20:0.8461;  mAP:0.5673;  mINP:0.5326
                               Best_R1: 0.5146(epoch:112);    Best mAP: 0.5739(epoch:112);    Best mINP: 0.5387(epoch:112)
=================================================
Extracting rgb features with denoising...
Extracted rgb features shape: torch.Size([16946, 2048])
Extracting ir features with denoising...
Extracted ir features shape: torch.Size([13975, 2048])
get match labels with confidence filter (quality priority)
Epoch 128 (quality priority, conf_thresh=0.62) - Common: 669, Specific: 0, Remain: 10
NaN batch count: 0
=================================================
Epoch: 128;Time: 2026-03-26 21:38:56;Setting: ./log/saved_llcm_cssp/llcm3231
e_lr: 3.0000000000000005e-06
tri_loss_rgb: 0.008255142;  tri_loss_ir: 0.008320306;  
r2i_cmo_loss: 0.23434378;  i2r_cmo_loss: 0.2385885;  
r2r_id_loss: 0.13232575;  i2i_id_loss: 0.1259924;  
rgb_cross_loss: 0.024656905;  ir_cross_loss: 0.027217023;  
weak_r2c_loss: 0.0045425687;  
R1:0.5105;   R10:0.7811;  R20:0.8467;  mAP:0.5703;  mINP:0.5359
                               Best_R1: 0.5146(epoch:112);    Best mAP: 0.5739(epoch:112);    Best mINP: 0.5387(epoch:112)
=================================================
Extracting rgb features with denoising...
Extracted rgb features shape: torch.Size([16946, 2048])
Extracting ir features with denoising...
Extracted ir features shape: torch.Size([13975, 2048])
get match labels with confidence filter (quality priority)
Epoch 129 (quality priority, conf_thresh=0.62) - Common: 671, Specific: 0, Remain: 8
NaN batch count: 0
=================================================
Epoch: 129;Time: 2026-03-26 21:56:50;Setting: ./log/saved_llcm_cssp/llcm3231
e_lr: 3.0000000000000005e-06
tri_loss_rgb: 0.008020398;  tri_loss_ir: 0.008123313;  
r2i_cmo_loss: 0.23549461;  i2r_cmo_loss: 0.23872156;  
r2r_id_loss: 0.1355646;  i2i_id_loss: 0.1278088;  
rgb_cross_loss: 0.026387928;  ir_cross_loss: 0.0275389;  
weak_r2c_loss: 0.005027372;  
R1:0.5083;   R10:0.7831;  R20:0.8481;  mAP:0.5687;  mINP:0.5338
                               Best_R1: 0.5146(epoch:112);    Best mAP: 0.5739(epoch:112);    Best mINP: 0.5387(epoch:112)
=================================================
Extracting rgb features with denoising...
Extracted rgb features shape: torch.Size([16946, 2048])
Extracting ir features with denoising...
Extracted ir features shape: torch.Size([13975, 2048])
get match labels with confidence filter (quality priority)
Epoch 130 (quality priority, conf_thresh=0.62) - Common: 671, Specific: 0, Remain: 5
NaN batch count: 0
=================================================
Epoch: 130;Time: 2026-03-26 22:14:43;Setting: ./log/saved_llcm_cssp/llcm3231
e_lr: 3.0000000000000005e-06
tri_loss_rgb: 0.0087373825;  tri_loss_ir: 0.008786692;  
r2i_cmo_loss: 0.23497717;  i2r_cmo_loss: 0.23838569;  
r2r_id_loss: 0.13270146;  i2i_id_loss: 0.12693682;  
rgb_cross_loss: 0.025571985;  ir_cross_loss: 0.027089717;  
weak_r2c_loss: 0.0037154781;  
R1:0.5060;   R10:0.7808;  R20:0.8457;  mAP:0.5671;  mINP:0.5328
                               Best_R1: 0.5146(epoch:112);    Best mAP: 0.5739(epoch:112);    Best mINP: 0.5387(epoch:112)
=================================================
Extracting rgb features with denoising...
Extracted rgb features shape: torch.Size([16946, 2048])
Extracting ir features with denoising...
Extracted ir features shape: torch.Size([13975, 2048])
get match labels with confidence filter (quality priority)
Epoch 131 (quality priority, conf_thresh=0.63) - Common: 671, Specific: 0, Remain: 5
NaN batch count: 0
=================================================
Epoch: 131;Time: 2026-03-26 22:32:37;Setting: ./log/saved_llcm_cssp/llcm3231
e_lr: 3.0000000000000005e-06
tri_loss_rgb: 0.008087366;  tri_loss_ir: 0.007979566;  
r2i_cmo_loss: 0.23363781;  i2r_cmo_loss: 0.2375789;  
r2r_id_loss: 0.1325425;  i2i_id_loss: 0.12844136;  
rgb_cross_loss: 0.025528144;  ir_cross_loss: 0.0281289;  
weak_r2c_loss: 0.0036030526;  
R1:0.5056;   R10:0.7795;  R20:0.8436;  mAP:0.5658;  mINP:0.5307
                               Best_R1: 0.5146(epoch:112);    Best mAP: 0.5739(epoch:112);    Best mINP: 0.5387(epoch:112)
=================================================
Extracting rgb features with denoising...
Extracted rgb features shape: torch.Size([16946, 2048])
Extracting ir features with denoising...
Extracted ir features shape: torch.Size([13975, 2048])
get match labels with confidence filter (quality priority)
Epoch 132 (quality priority, conf_thresh=0.63) - Common: 671, Specific: 0, Remain: 6
NaN batch count: 0
=================================================
Epoch: 132;Time: 2026-03-26 22:50:30;Setting: ./log/saved_llcm_cssp/llcm3231
e_lr: 3.0000000000000005e-06
tri_loss_rgb: 0.008007972;  tri_loss_ir: 0.00806322;  
r2i_cmo_loss: 0.2336382;  i2r_cmo_loss: 0.23847902;  
r2r_id_loss: 0.13539799;  i2i_id_loss: 0.13010535;  
rgb_cross_loss: 0.025865113;  ir_cross_loss: 0.02792641;  
weak_r2c_loss: 0.005070958;  
R1:0.5083;   R10:0.7807;  R20:0.8456;  mAP:0.5684;  mINP:0.5340
                               Best_R1: 0.5146(epoch:112);    Best mAP: 0.5739(epoch:112);    Best mINP: 0.5387(epoch:112)
=================================================
Extracting rgb features with denoising...
Extracted rgb features shape: torch.Size([16946, 2048])
Extracting ir features with denoising...
Extracted ir features shape: torch.Size([13975, 2048])
get match labels with confidence filter (quality priority)
Epoch 133 (quality priority, conf_thresh=0.64) - Common: 670, Specific: 0, Remain: 7
NaN batch count: 0
=================================================
Epoch: 133;Time: 2026-03-26 23:08:24;Setting: ./log/saved_llcm_cssp/llcm3231
e_lr: 3.0000000000000005e-06
tri_loss_rgb: 0.008519359;  tri_loss_ir: 0.008375326;  
r2i_cmo_loss: 0.23496465;  i2r_cmo_loss: 0.23773119;  
r2r_id_loss: 0.13497898;  i2i_id_loss: 0.12885086;  
rgb_cross_loss: 0.025713183;  ir_cross_loss: 0.028961968;  
weak_r2c_loss: 0.0045363414;  
R1:0.5090;   R10:0.7830;  R20:0.8474;  mAP:0.5689;  mINP:0.5340
                               Best_R1: 0.5146(epoch:112);    Best mAP: 0.5739(epoch:112);    Best mINP: 0.5387(epoch:112)
=================================================
Extracting rgb features with denoising...
Extracted rgb features shape: torch.Size([16946, 2048])
Extracting ir features with denoising...
Extracted ir features shape: torch.Size([13975, 2048])
get match labels with confidence filter (quality priority)
Epoch 134 (quality priority, conf_thresh=0.64) - Common: 670, Specific: 0, Remain: 8
NaN batch count: 0
=================================================
Epoch: 134;Time: 2026-03-26 23:26:17;Setting: ./log/saved_llcm_cssp/llcm3231
e_lr: 3.0000000000000005e-06
tri_loss_rgb: 0.0077255727;  tri_loss_ir: 0.0077426736;  
r2i_cmo_loss: 0.23349443;  i2r_cmo_loss: 0.23784159;  
r2r_id_loss: 0.12995233;  i2i_id_loss: 0.128279;  
rgb_cross_loss: 0.024556337;  ir_cross_loss: 0.028186953;  
weak_r2c_loss: 0.004591113;  
R1:0.5053;   R10:0.7792;  R20:0.8427;  mAP:0.5650;  mINP:0.5300
                               Best_R1: 0.5146(epoch:112);    Best mAP: 0.5739(epoch:112);    Best mINP: 0.5387(epoch:112)
=================================================
Extracting rgb features with denoising...
Extracted rgb features shape: torch.Size([16946, 2048])
Extracting ir features with denoising...
Extracted ir features shape: torch.Size([13975, 2048])
get match labels with confidence filter (quality priority)
Epoch 135 (quality priority, conf_thresh=0.64) - Common: 671, Specific: 0, Remain: 6
NaN batch count: 0
=================================================
Epoch: 135;Time: 2026-03-26 23:44:11;Setting: ./log/saved_llcm_cssp/llcm3231
e_lr: 3.0000000000000005e-06
tri_loss_rgb: 0.008090533;  tri_loss_ir: 0.008254913;  
r2i_cmo_loss: 0.23490846;  i2r_cmo_loss: 0.23751491;  
r2r_id_loss: 0.13409089;  i2i_id_loss: 0.12725334;  
rgb_cross_loss: 0.025584089;  ir_cross_loss: 0.028346019;  
weak_r2c_loss: 0.0034079999;  
R1:0.5075;   R10:0.7820;  R20:0.8450;  mAP:0.5675;  mINP:0.5326
                               Best_R1: 0.5146(epoch:112);    Best mAP: 0.5739(epoch:112);    Best mINP: 0.5387(epoch:112)
=================================================
Extracting rgb features with denoising...
Extracted rgb features shape: torch.Size([16946, 2048])
Extracting ir features with denoising...
Extracted ir features shape: torch.Size([13975, 2048])
get match labels with confidence filter (quality priority)
Epoch 136 (quality priority, conf_thresh=0.65) - Common: 670, Specific: 0, Remain: 8
NaN batch count: 0
=================================================
Epoch: 136;Time: 2026-03-27 00:02:04;Setting: ./log/saved_llcm_cssp/llcm3231
e_lr: 3.0000000000000005e-06
tri_loss_rgb: 0.008266224;  tri_loss_ir: 0.008470791;  
r2i_cmo_loss: 0.23388058;  i2r_cmo_loss: 0.2373437;  
r2r_id_loss: 0.13280842;  i2i_id_loss: 0.1288252;  
rgb_cross_loss: 0.025408588;  ir_cross_loss: 0.02874611;  
weak_r2c_loss: 0.0045796353;  
R1:0.5036;   R10:0.7818;  R20:0.8467;  mAP:0.5652;  mINP:0.5303
                               Best_R1: 0.5146(epoch:112);    Best mAP: 0.5739(epoch:112);    Best mINP: 0.5387(epoch:112)
=================================================
Extracting rgb features with denoising...
Extracted rgb features shape: torch.Size([16946, 2048])
Extracting ir features with denoising...
Extracted ir features shape: torch.Size([13975, 2048])
get match labels with confidence filter (quality priority)
Epoch 137 (quality priority, conf_thresh=0.65) - Common: 671, Specific: 0, Remain: 5
NaN batch count: 0
=================================================
Epoch: 137;Time: 2026-03-27 00:19:58;Setting: ./log/saved_llcm_cssp/llcm3231
e_lr: 3.0000000000000005e-06
tri_loss_rgb: 0.0076294905;  tri_loss_ir: 0.007847602;  
r2i_cmo_loss: 0.23367165;  i2r_cmo_loss: 0.23746637;  
r2r_id_loss: 0.13174605;  i2i_id_loss: 0.1302822;  
rgb_cross_loss: 0.024990715;  ir_cross_loss: 0.028942375;  
weak_r2c_loss: 0.0040067006;  
R1:0.5082;   R10:0.7809;  R20:0.8455;  mAP:0.5681;  mINP:0.5335
                               Best_R1: 0.5146(epoch:112);    Best mAP: 0.5739(epoch:112);    Best mINP: 0.5387(epoch:112)
=================================================
Extracting rgb features with denoising...
Extracted rgb features shape: torch.Size([16946, 2048])
Extracting ir features with denoising...
Extracted ir features shape: torch.Size([13975, 2048])
get match labels with confidence filter (quality priority)
Epoch 138 (quality priority, conf_thresh=0.66) - Common: 671, Specific: 0, Remain: 8
NaN batch count: 0
=================================================
Epoch: 138;Time: 2026-03-27 00:37:52;Setting: ./log/saved_llcm_cssp/llcm3231
e_lr: 3.0000000000000005e-06
tri_loss_rgb: 0.007939243;  tri_loss_ir: 0.007987255;  
r2i_cmo_loss: 0.2332489;  i2r_cmo_loss: 0.23833674;  
r2r_id_loss: 0.13212518;  i2i_id_loss: 0.12981597;  
rgb_cross_loss: 0.02544598;  ir_cross_loss: 0.029004266;  
weak_r2c_loss: 0.0065930802;  
R1:0.5018;   R10:0.7772;  R20:0.8419;  mAP:0.5623;  mINP:0.5272
                               Best_R1: 0.5146(epoch:112);    Best mAP: 0.5739(epoch:112);    Best mINP: 0.5387(epoch:112)
=================================================
Extracting rgb features with denoising...
Extracted rgb features shape: torch.Size([16946, 2048])
Extracting ir features with denoising...
Extracted ir features shape: torch.Size([13975, 2048])
get match labels with confidence filter (quality priority)
Epoch 139 (quality priority, conf_thresh=0.66) - Common: 670, Specific: 0, Remain: 7
NaN batch count: 0
=================================================
Epoch: 139;Time: 2026-03-27 00:55:46;Setting: ./log/saved_llcm_cssp/llcm3231
e_lr: 3.0000000000000005e-06
tri_loss_rgb: 0.007443068;  tri_loss_ir: 0.0075385184;  
r2i_cmo_loss: 0.23333712;  i2r_cmo_loss: 0.23639572;  
r2r_id_loss: 0.13392037;  i2i_id_loss: 0.12661268;  
rgb_cross_loss: 0.02623208;  ir_cross_loss: 0.028124243;  
weak_r2c_loss: 0.0030923916;  
R1:0.5058;   R10:0.7818;  R20:0.8471;  mAP:0.5660;  mINP:0.5310
                               Best_R1: 0.5146(epoch:112);    Best mAP: 0.5739(epoch:112);    Best mINP: 0.5387(epoch:112)
=================================================
Extracting rgb features with denoising...
Extracted rgb features shape: torch.Size([16946, 2048])
Extracting ir features with denoising...
Extracted ir features shape: torch.Size([13975, 2048])
get match labels with confidence filter (quality priority)
Epoch 140 (quality priority, conf_thresh=0.66) - Common: 671, Specific: 0, Remain: 6
NaN batch count: 0
=================================================
Epoch: 140;Time: 2026-03-27 01:13:40;Setting: ./log/saved_llcm_cssp/llcm3231
e_lr: 3.0000000000000005e-06
tri_loss_rgb: 0.00791252;  tri_loss_ir: 0.008121961;  
r2i_cmo_loss: 0.2336095;  i2r_cmo_loss: 0.23498324;  
r2r_id_loss: 0.13058585;  i2i_id_loss: 0.12693043;  
rgb_cross_loss: 0.025137981;  ir_cross_loss: 0.02719317;  
weak_r2c_loss: 0.0039344565;  
R1:0.5026;   R10:0.7782;  R20:0.8430;  mAP:0.5637;  mINP:0.5291
                               Best_R1: 0.5146(epoch:112);    Best mAP: 0.5739(epoch:112);    Best mINP: 0.5387(epoch:112)
=================================================
Extracting rgb features with denoising...
Extracted rgb features shape: torch.Size([16946, 2048])
Extracting ir features with denoising...
Extracted ir features shape: torch.Size([13975, 2048])
get match labels with confidence filter (quality priority)
Epoch 141 (quality priority, conf_thresh=0.67) - Common: 669, Specific: 0, Remain: 9
NaN batch count: 0
=================================================
Epoch: 141;Time: 2026-03-27 01:31:34;Setting: ./log/saved_llcm_cssp/llcm3231
e_lr: 3.0000000000000005e-06
tri_loss_rgb: 0.007461059;  tri_loss_ir: 0.0076483944;  
r2i_cmo_loss: 0.23247096;  i2r_cmo_loss: 0.23624086;  
r2r_id_loss: 0.12997082;  i2i_id_loss: 0.12801811;  
rgb_cross_loss: 0.02533208;  ir_cross_loss: 0.028493559;  
weak_r2c_loss: 0.0039894665;  
R1:0.5049;   R10:0.7772;  R20:0.8430;  mAP:0.5645;  mINP:0.5299
                               Best_R1: 0.5146(epoch:112);    Best mAP: 0.5739(epoch:112);    Best mINP: 0.5387(epoch:112)
=================================================
Extracting rgb features with denoising...
Extracted rgb features shape: torch.Size([16946, 2048])
Extracting ir features with denoising...
Extracted ir features shape: torch.Size([13975, 2048])
get match labels with confidence filter (quality priority)
Epoch 142 (quality priority, conf_thresh=0.67) - Common: 669, Specific: 0, Remain: 9
NaN batch count: 0
=================================================
Epoch: 142;Time: 2026-03-27 01:49:28;Setting: ./log/saved_llcm_cssp/llcm3231
e_lr: 3.0000000000000005e-06
tri_loss_rgb: 0.007930884;  tri_loss_ir: 0.0079055065;  
r2i_cmo_loss: 0.23180383;  i2r_cmo_loss: 0.23582028;  
weak_r2c_loss: 0.005251312;  r2r_id_loss: 0.13013533;  
i2i_id_loss: 0.12643632;  rgb_cross_loss: 0.024653893;  
ir_cross_loss: 0.028320001;  
R1:0.5059;   R10:0.7789;  R20:0.8440;  mAP:0.5662;  mINP:0.5316
                               Best_R1: 0.5146(epoch:112);    Best mAP: 0.5739(epoch:112);    Best mINP: 0.5387(epoch:112)
=================================================
Extracting rgb features with denoising...
Extracted rgb features shape: torch.Size([16946, 2048])
Extracting ir features with denoising...
Extracted ir features shape: torch.Size([13975, 2048])
get match labels with confidence filter (quality priority)
Epoch 143 (quality priority, conf_thresh=0.67) - Common: 669, Specific: 0, Remain: 9
NaN batch count: 0
=================================================
Epoch: 143;Time: 2026-03-27 02:07:22;Setting: ./log/saved_llcm_cssp/llcm3231
e_lr: 3.0000000000000005e-06
tri_loss_rgb: 0.0080160685;  tri_loss_ir: 0.008081974;  
r2i_cmo_loss: 0.23112078;  i2r_cmo_loss: 0.23588483;  
r2r_id_loss: 0.13073882;  i2i_id_loss: 0.12683013;  
rgb_cross_loss: 0.024940023;  ir_cross_loss: 0.028370028;  
weak_r2c_loss: 0.0042737075;  
R1:0.5035;   R10:0.7780;  R20:0.8427;  mAP:0.5637;  mINP:0.5288
                               Best_R1: 0.5146(epoch:112);    Best mAP: 0.5739(epoch:112);    Best mINP: 0.5387(epoch:112)
=================================================
Extracting rgb features with denoising...
Extracted rgb features shape: torch.Size([16946, 2048])
Extracting ir features with denoising...
Extracted ir features shape: torch.Size([13975, 2048])
get match labels with confidence filter (quality priority)
Epoch 144 (quality priority, conf_thresh=0.68) - Common: 670, Specific: 0, Remain: 7
NaN batch count: 0
=================================================
Epoch: 144;Time: 2026-03-27 02:25:16;Setting: ./log/saved_llcm_cssp/llcm3231
e_lr: 3.0000000000000005e-06
tri_loss_rgb: 0.008044685;  tri_loss_ir: 0.008184031;  
r2i_cmo_loss: 0.23234639;  i2r_cmo_loss: 0.23454495;  
r2r_id_loss: 0.13443533;  i2i_id_loss: 0.12743561;  
rgb_cross_loss: 0.02626149;  ir_cross_loss: 0.028686415;  
weak_r2c_loss: 0.0060051875;  
R1:0.5077;   R10:0.7809;  R20:0.8461;  mAP:0.5671;  mINP:0.5318
                               Best_R1: 0.5146(epoch:112);    Best mAP: 0.5739(epoch:112);    Best mINP: 0.5387(epoch:112)
=================================================
Extracting rgb features with denoising...
Extracted rgb features shape: torch.Size([16946, 2048])
Extracting ir features with denoising...
Extracted ir features shape: torch.Size([13975, 2048])
get match labels with confidence filter (quality priority)
Epoch 145 (quality priority, conf_thresh=0.68) - Common: 670, Specific: 0, Remain: 7
NaN batch count: 0
=================================================
Epoch: 145;Time: 2026-03-27 02:43:11;Setting: ./log/saved_llcm_cssp/llcm3231
e_lr: 3.0000000000000005e-06
tri_loss_rgb: 0.007234117;  tri_loss_ir: 0.0074175964;  
r2i_cmo_loss: 0.23264419;  i2r_cmo_loss: 0.23451254;  
r2r_id_loss: 0.13311078;  i2i_id_loss: 0.12292559;  
rgb_cross_loss: 0.025422025;  ir_cross_loss: 0.027139187;  
weak_r2c_loss: 0.0031256552;  
R1:0.5086;   R10:0.7815;  R20:0.8452;  mAP:0.5685;  mINP:0.5336
                               Best_R1: 0.5146(epoch:112);    Best mAP: 0.5739(epoch:112);    Best mINP: 0.5387(epoch:112)
=================================================
Extracting rgb features with denoising...
Extracted rgb features shape: torch.Size([16946, 2048])
Extracting ir features with denoising...
Extracted ir features shape: torch.Size([13975, 2048])
get match labels with confidence filter (quality priority)
Epoch 146 (quality priority, conf_thresh=0.69) - Common: 670, Specific: 0, Remain: 8
NaN batch count: 0
=================================================
Epoch: 146;Time: 2026-03-27 03:01:06;Setting: ./log/saved_llcm_cssp/llcm3231
e_lr: 3.0000000000000005e-06
tri_loss_rgb: 0.007511268;  tri_loss_ir: 0.0077623315;  
r2i_cmo_loss: 0.23236988;  i2r_cmo_loss: 0.2343789;  
r2r_id_loss: 0.13347703;  i2i_id_loss: 0.12386596;  
rgb_cross_loss: 0.025955897;  ir_cross_loss: 0.027529372;  
weak_r2c_loss: 0.0055292845;  
R1:0.5031;   R10:0.7781;  R20:0.8417;  mAP:0.5627;  mINP:0.5275
                               Best_R1: 0.5146(epoch:112);    Best mAP: 0.5739(epoch:112);    Best mINP: 0.5387(epoch:112)
=================================================
Extracting rgb features with denoising...
Extracted rgb features shape: torch.Size([16946, 2048])
Extracting ir features with denoising...
Extracted ir features shape: torch.Size([13975, 2048])
get match labels with confidence filter (quality priority)
Epoch 147 (quality priority, conf_thresh=0.69) - Common: 669, Specific: 0, Remain: 9
NaN batch count: 0
=================================================
Epoch: 147;Time: 2026-03-27 03:18:59;Setting: ./log/saved_llcm_cssp/llcm3231
e_lr: 3.0000000000000005e-06
tri_loss_rgb: 0.007721928;  tri_loss_ir: 0.007797868;  
r2i_cmo_loss: 0.2304819;  i2r_cmo_loss: 0.23504622;  
r2r_id_loss: 0.13319694;  i2i_id_loss: 0.1259068;  
rgb_cross_loss: 0.026193451;  ir_cross_loss: 0.027714692;  
weak_r2c_loss: 0.0039451364;  
R1:0.5027;   R10:0.7779;  R20:0.8434;  mAP:0.5628;  mINP:0.5280
                               Best_R1: 0.5146(epoch:112);    Best mAP: 0.5739(epoch:112);    Best mINP: 0.5387(epoch:112)
=================================================
Extracting rgb features with denoising...
Extracted rgb features shape: torch.Size([16946, 2048])
Extracting ir features with denoising...
Extracted ir features shape: torch.Size([13975, 2048])
get match labels with confidence filter (quality priority)
Epoch 148 (quality priority, conf_thresh=0.69) - Common: 670, Specific: 0, Remain: 8
NaN batch count: 0
=================================================
Epoch: 148;Time: 2026-03-27 03:36:53;Setting: ./log/saved_llcm_cssp/llcm3231
e_lr: 3.0000000000000005e-06
tri_loss_rgb: 0.007552184;  tri_loss_ir: 0.0078991195;  
r2i_cmo_loss: 0.23114285;  i2r_cmo_loss: 0.23419875;  
r2r_id_loss: 0.13453625;  i2i_id_loss: 0.1254223;  
rgb_cross_loss: 0.026291156;  ir_cross_loss: 0.028291384;  
weak_r2c_loss: 0.0059696357;  
R1:0.5052;   R10:0.7797;  R20:0.8452;  mAP:0.5651;  mINP:0.5302
                               Best_R1: 0.5146(epoch:112);    Best mAP: 0.5739(epoch:112);    Best mINP: 0.5387(epoch:112)
=================================================
Extracting rgb features with denoising...
Extracted rgb features shape: torch.Size([16946, 2048])
Extracting ir features with denoising...
Extracted ir features shape: torch.Size([13975, 2048])
get match labels with confidence filter (quality priority)
Epoch 149 (quality priority, conf_thresh=0.70) - Common: 669, Specific: 0, Remain: 9
NaN batch count: 0
=================================================
Epoch: 149;Time: 2026-03-27 03:54:47;Setting: ./log/saved_llcm_cssp/llcm3231
e_lr: 3.0000000000000005e-06
tri_loss_rgb: 0.007310074;  tri_loss_ir: 0.007434918;  
r2i_cmo_loss: 0.2309371;  i2r_cmo_loss: 0.23316564;  
r2r_id_loss: 0.13195077;  i2i_id_loss: 0.12207633;  
rgb_cross_loss: 0.025464395;  ir_cross_loss: 0.025770599;  
weak_r2c_loss: 0.0030489592;  
R1:0.5081;   R10:0.7824;  R20:0.8470;  mAP:0.5679;  mINP:0.5327
                               Best_R1: 0.5146(epoch:112);    Best mAP: 0.5739(epoch:112);    Best mINP: 0.5387(epoch:112)
=================================================
